Div,Date,Time,HomeTeam,AwayTeam,FTHG,FTAG,FTR,HTHG,HTAG,HTR,HS,AS,HST,AST,HF,AF,HC,AC,HY,AY,HR,AR,B365H,B365D,B365A,BWH,BWD,BWA,BFH,BFD,BFA,PSH,PSD,PSA,WHH,WHD,WHA,1XBH,1XBD,1XBA,MaxH,MaxD,MaxA,AvgH,AvgD,AvgA,BFEH,BFED,BFEA,B365>2.5,B365<2.5,P>2.5,P<2.5,Max>2.5,Max<2.5,Avg>2.5,Avg<2.5,BFE>2.5,BFE<2.5,AHh,B365AHH,B365AHA,PAHH,PAHA,MaxAHH,MaxAHA,AvgAHH,AvgAHA,BFEAHH,BFEAHA,B365CH,B365CD,B365CA,BWCH,BWCD,BWCA,BFCH,BFCD,BFCA,PSCH,PSCD,PSCA,WHCH,WHCD,WHCA,1XBCH,1XBCD,1XBCA,MaxCH,MaxCD,MaxCA,AvgCH,AvgCD,AvgCA,BFECH,BFECD,BFECA,B365C>2.5,B365C<2.5,PC>2.5,PC<2.5,MaxC>2.5,MaxC<2.5,AvgC>2.5,AvgC<2.5,BFEC>2.5,BFEC<2.5,AHCh,B365CAHH,B365CAHA,PCAHH,PCAHA,MaxCAHH,MaxCAHA,AvgCAHH,AvgCAHA,BFECAHH,BFECAHA
I2,16/08/2024,19:30,Brescia,Palermo,1,0,H,0,0,D,18,10,6,1,15,10,9,6,1,1,0,0,2.8,3.2,2.5,2.85,3.2,2.45,2.88,3,2.5,3.02,3.18,2.58,2.8,3.3,2.38,2.95,3.13,2.55,3.02,3.25,2.59,2.88,3.13,2.51,3.05,3.2,2.68,2.1,1.7,2.18,1.74,2.25,1.77,2.11,1.71,2.22,1.77,0,2.05,1.8,2.12,1.81,2.12,1.87,2.06,1.8,2.14,1.85,3,3.2,2.4,2.85,3.2,2.45,2.9,3,2.5,3.12,3.06,2.6,2.8,3.3,2.38,3.01,3.22,2.41,3.12,3.22,2.62,2.96,3.09,2.49,3.2,3.15,2.62,2.15,1.67,2.2,1.72,2.26,1.75,2.13,1.69,2.28,1.75,0,2.1,1.7,2.15,1.79,2.2,1.8,2.11,1.76,2.23,1.81
I2,17/08/2024,19:30,Bari,Juve Stabia,1,3,A,0,2,A,16,13,4,6,20,14,6,4,2,6,0,0,1.85,3.3,4.5,1.93,3.25,4,1.91,3.3,4.4,1.85,3.32,4.72,1.85,3.3,4.2,1.86,3.44,4.49,1.95,3.44,4.8,1.88,3.29,4.39,1.92,3.3,5,2.35,1.57,2.37,1.6,2.45,1.61,2.35,1.57,2.46,1.61,-0.5,1.88,1.98,1.87,2,1.95,2,1.88,1.93,1.92,2.06,1.9,3.25,4.33,1.98,3.2,4,1.91,3.1,4.2,1.98,3.23,4.54,1.85,3.3,4.2,2.02,3.23,3.94,2.02,3.25,4.54,1.97,3.18,4.15,2,3.35,4.9,2.4,1.53,2.45,1.6,2.49,1.6,2.37,1.56,2.56,1.62,-0.5,1.95,1.9,1.99,1.92,2,1.97,1.95,1.87,2.04,1.94
I2,17/08/2024,19:30,Pisa,Spezia,2,2,D,1,2,A,19,6,4,3,10,22,7,2,4,2,0,0,2.5,3.2,2.88,2.37,3.1,3,2.45,3.2,2.88,2.71,2.98,2.91,2.4,3.1,2.9,2.6,3.16,2.83,2.73,3.2,3,2.56,3.05,2.88,2.68,3.05,2.98,2.35,1.57,2.46,1.57,2.51,1.61,2.37,1.56,,,0,1.75,2.13,1.76,2.15,1.83,2.15,1.79,2.07,1.85,2.06,2.3,3.3,3,2.3,3.1,3.1,2.25,2.9,3.1,2.37,3.17,3.37,2.4,3.1,2.9,2.32,3.28,3.17,2.4,3.34,3.37,2.33,3.15,3.14,2.46,3.25,3.45,2.25,1.62,2.27,1.68,2.35,1.68,2.22,1.64,2.38,1.7,-0.25,2,1.85,2.02,1.88,2.07,1.92,1.99,1.84,2.08,1.9
I2,17/08/2024,19:30,Salernitana,Cittadella,2,1,H,0,1,A,15,8,7,3,23,12,10,1,4,5,0,0,2,3.3,3.8,2,3.3,3.6,2,3.3,3.9,1.94,3.42,4.09,2.05,3.25,3.5,1.98,3.4,3.96,2.1,3.45,4.1,1.99,3.32,3.83,2,3.25,4.2,2.25,1.62,2.29,1.65,2.32,1.65,2.24,1.62,2.32,1.66,-0.5,2.03,1.78,1.96,1.91,2.05,1.91,1.98,1.84,2.01,1.87,2.3,3.3,3.1,2.25,3.25,3.1,2.25,3.1,3.2,2.35,3.25,3.32,2.05,3.25,3.5,2.3,3.31,3.1,2.36,3.35,3.32,2.29,3.24,3.14,2.38,3.3,3.5,2.1,1.7,2.2,1.72,2.26,1.77,2.13,1.69,2.22,1.79,-0.25,2,1.85,2.02,1.89,2.07,1.9,1.97,1.85,2.02,1.96
I2,17/08/2024,19:30,Sudtirol,Modena,2,1,H,1,1,D,9,6,3,2,10,15,4,2,1,3,0,0,2.8,3,2.7,2.7,3,2.7,2.7,3.2,2.63,2.9,2.97,2.73,2.7,3.1,2.6,2.8,3.13,2.65,2.94,3.2,2.76,2.79,3,2.67,2.86,2.92,2.7,2.4,1.53,2.5,1.54,2.56,1.57,2.43,1.54,2.52,1.57,0,1.98,1.88,2,1.88,2.02,1.95,1.95,1.89,1.98,1.86,2.45,2.75,3.5,2.55,2.75,3.1,2.5,2.5,3.25,2.59,2.72,3.57,2.7,3.1,2.6,2.61,2.69,3.32,2.8,2.82,3.58,2.56,2.71,3.29,2.72,2.76,3.6,3.1,1.36,3.23,1.37,3.23,1.43,3,1.37,3.35,1.4,-0.25,2.05,1.8,2.14,1.79,2.28,1.81,2.09,1.76,2.22,1.81
I2,18/08/2024,19:30,Catanzaro,Sassuolo,1,1,D,0,1,A,9,12,4,6,11,7,3,7,3,4,0,0,3.5,3.2,2.2,3.25,3.25,2.2,3.3,3.3,2.15,3.72,3.21,2.12,3,3.3,2.25,3.49,3.48,2.1,3.79,3.48,2.22,3.46,3.23,2.14,3.8,3.2,2.12,2.05,1.75,2.01,1.83,2.14,1.83,2.02,1.76,,,0.25,1.98,1.88,2.04,1.82,2.04,1.92,1.98,1.83,2.09,1.8,3.3,3.3,2.2,3.25,3.3,2.15,3.25,3.1,2.1,3.49,3.31,2.25,3.4,3.2,2.1,3.38,3.28,2.18,3.49,3.45,2.27,3.31,3.27,2.19,3.55,3.4,2.3,1.93,1.93,1.95,1.93,1.96,1.96,1.89,1.89,1.96,2,0.25,1.95,1.9,1.98,1.93,2.02,1.94,1.95,1.87,2.02,1.97
I2,18/08/2024,19:30,Cesena,Carrarese,2,1,H,2,0,H,14,10,8,4,13,14,1,2,3,1,0,0,2,3.2,4,1.9,3.25,4.1,1.95,3.3,4.2,1.97,3.19,4.32,1.91,3.3,4,2.01,3.35,3.93,2.05,3.35,4.5,1.98,3.22,4,2.04,3.2,3.95,2.25,1.62,2.35,1.61,2.38,1.62,2.27,1.6,2.32,1.65,-0.5,1.98,1.88,1.94,1.91,2.04,1.91,1.95,1.86,2.02,1.83,1.65,3.5,5.5,1.66,3.4,5.5,1.62,3.25,5.5,1.68,3.52,6.32,1.7,3.5,5.5,1.68,3.53,5.55,1.76,3.53,6.32,1.68,3.45,5.56,1.73,3.6,6.6,2.3,1.6,2.35,1.64,2.37,1.66,2.29,1.6,2.42,1.67,-0.75,1.85,2,1.9,2.01,1.93,2.04,1.89,1.94,1.95,2.02
I2,18/08/2024,19:30,Cosenza,Cremonese,1,0,H,1,0,H,15,7,6,1,11,16,4,8,3,2,0,0,3.25,3.2,2.25,3.1,3.2,2.25,3.2,3.3,2.25,3.39,3.14,2.29,3.2,3.2,2.2,3.33,3.28,2.25,3.45,3.3,2.32,3.25,3.17,2.25,3.15,2.74,2.3,2.25,1.62,2.29,1.64,2.36,1.64,2.25,1.62,,,0.25,1.88,1.98,1.89,1.95,1.91,2.02,1.88,1.92,1.8,1.94,4,3.4,1.91,3.9,3.3,1.93,4,3.1,1.87,4.25,3.45,1.96,3.25,3.25,2.15,4.04,3.43,1.93,4.3,3.45,2.02,3.94,3.36,1.94,4.5,3.45,2.02,2.1,1.7,2.15,1.76,2.26,1.8,2.11,1.71,2.22,1.78,0.5,1.9,1.95,1.93,1.97,1.96,2,1.88,1.94,1.95,2.02
I2,18/08/2024,19:30,Frosinone,Sampdoria,2,2,D,1,0,H,20,17,12,4,10,13,4,4,2,2,0,1,2.7,3.2,2.7,2.5,3.2,2.75,2.63,3.3,2.63,2.69,3.12,2.81,2.45,3.25,2.75,2.62,3.3,2.7,2.72,3.3,2.86,2.61,3.16,2.73,2.68,3.2,2.7,2.1,1.7,2.14,1.72,2.2,1.74,2.11,1.7,,,0,1.93,1.93,1.88,1.97,1.99,2,1.9,1.95,1.87,1.9,3,3.25,2.4,2.85,3.1,2.5,2.75,2.88,2.5,3.1,3.17,2.54,2.88,3.1,2.45,2.81,3.21,2.56,3.1,3.25,2.6,2.9,3.13,2.49,3.15,3.2,2.66,2.1,1.7,2.17,1.75,2.26,1.76,2.12,1.7,2.22,1.78,0.25,1.78,2.1,1.78,2.16,1.81,2.18,1.74,2.13,1.8,2.21
I2,18/08/2024,19:30,Reggiana,Mantova,2,2,D,0,0,D,12,13,6,4,10,25,3,1,5,1,0,0,2.55,3.1,2.88,2.55,3.2,2.75,2.55,3.2,2.75,2.59,3.11,2.92,2.5,3.2,2.7,2.55,3.24,2.83,2.63,3.24,2.96,2.56,3.13,2.82,2.58,3.05,2.86,2.25,1.62,2.28,1.65,2.31,1.66,2.24,1.62,,,0,1.83,2.03,1.81,2.05,1.88,2.05,1.83,2.01,1.78,1.99,2.88,3.25,2.45,2.87,3.2,2.4,2.8,3,2.4,3.05,3.21,2.54,2.6,3.1,2.7,2.89,3.27,2.46,3.05,3.27,2.6,2.92,3.16,2.46,3.1,3.3,2.6,2.05,1.75,2.16,1.75,2.17,1.81,2.08,1.72,2.16,1.83,0.25,1.73,2.08,1.77,2.16,1.8,2.17,1.74,2.1,1.8,2.22
I2,23/08/2024,19:30,Modena,Bari,2,1,H,1,1,D,16,14,5,4,20,13,4,5,4,4,0,0,2.2,3.2,3.4,2.25,3,3.4,2.2,2.9,3.5,2.31,3.06,3.66,2.38,3.1,3,2.25,3.15,3.45,2.31,3.2,3.66,2.25,3.02,3.44,2.34,3.1,3.8,2.5,1.5,2.63,1.53,2.63,1.55,2.5,1.51,2.68,1.57,-0.25,1.9,1.95,1.95,1.95,1.95,2,1.91,1.93,1.96,1.99,2.2,3.1,3.6,2.15,3,3.5,2.05,2.8,3.6,2.27,2.97,3.92,2.38,3.1,3,2.19,3.09,3.59,2.27,3.1,3.92,2.19,3,3.62,2.24,3.05,4.1,2.5,1.5,2.74,1.5,2.74,1.53,2.52,1.5,2.7,1.57,-0.25,1.85,2,1.91,2,1.92,2.06,1.85,1.98,1.89,2.09
I2,24/08/2024,18:30,Sudtirol,Salernitana,3,2,H,2,1,H,17,9,7,3,15,9,5,5,1,1,0,0,2.6,3.1,2.8,2.55,3,2.8,2.55,3.1,2.88,2.72,2.89,2.98,2.6,3.1,2.75,2.61,3.15,2.82,2.76,3.2,3.03,2.6,3.03,2.86,2.7,3,3,2.35,1.57,2.47,1.57,2.51,1.57,2.38,1.56,2.46,1.6,0,1.83,2.03,1.85,2.03,1.86,2.07,1.84,2.01,1.83,2.05,2.2,3.1,3.4,2.25,2.95,3.5,2.2,2.8,3.6,2.3,2.98,3.82,2.6,3.1,2.75,2.28,3.14,3.34,2.35,3.14,3.82,2.26,2.97,3.51,2.36,3.05,3.9,2.4,1.53,2.53,1.56,2.55,1.58,2.43,1.53,2.62,1.59,-0.25,1.9,1.95,1.93,1.97,1.98,2.02,1.91,1.92,1.97,1.99
I2,24/08/2024,19:30,Brescia,Cittadella,0,1,A,0,0,D,18,15,6,3,17,8,5,4,2,4,0,1,2.55,3.1,2.88,2.45,3.1,2.9,2.55,3,2.88,2.66,3.02,2.93,2.3,3.2,3,2.53,3.1,3,2.69,3.1,3.1,2.56,3.05,2.9,2.56,3.05,2.92,2.35,1.57,2.37,1.61,2.45,1.62,2.33,1.58,2.42,1.62,0,1.83,2.03,1.84,2.04,1.85,2.12,1.8,2.06,1.8,2.03,2.15,3.25,3.5,2.1,3.1,3.6,2.05,2.88,3.7,2.23,3.11,3.79,2.3,3.2,3,2.1,3.25,3.63,2.26,3.25,3.83,2.15,3.09,3.6,2.24,3.15,4.1,2.25,1.62,2.41,1.61,2.43,1.63,2.31,1.59,2.46,1.67,-0.25,1.88,1.98,1.89,2.02,1.91,2.04,1.85,1.98,1.9,2.08
I2,24/08/2024,19:30,Cremonese,Carrarese,1,0,H,0,0,D,16,10,4,3,8,14,5,5,0,0,0,0,1.62,3.5,6.25,1.6,3.7,5.5,1.57,3.75,6,1.63,3.63,6.07,1.57,3.75,5.5,1.65,3.74,5.6,1.72,3.75,6.3,1.62,3.65,5.68,1.64,3.7,6.6,2.2,1.65,2.22,1.67,2.23,1.7,2.18,1.66,2.26,1.69,-0.75,1.8,2.05,1.83,2.05,1.87,2.11,1.81,2.02,1.82,2.06,1.62,3.6,5.75,1.65,3.8,5,1.57,3.5,5,1.69,3.73,5.69,1.57,3.75,5.5,1.66,3.53,5.75,1.72,3.8,5.75,1.66,3.65,5.29,1.71,3.9,5.9,2.03,1.83,2.04,1.85,2.06,1.89,1.97,1.81,2.08,1.88,-0.75,1.85,2,1.89,2.02,1.91,2.04,1.85,1.98,1.91,2.06
I2,24/08/2024,19:30,Pisa,Palermo,2,0,H,1,0,H,11,16,4,4,8,20,6,7,2,2,0,0,2.5,3.1,3,2.37,3.3,2.85,2.45,3.2,2.88,2.51,3.16,3,2.38,3.3,2.8,2.45,3.35,2.91,2.51,3.35,3,2.43,3.21,2.9,2.58,3.1,2.96,2.05,1.75,2.1,1.76,2.14,1.81,2.04,1.75,,,-0.25,2.08,1.73,2.14,1.75,2.19,1.79,2.09,1.75,2.22,1.75,2.15,3.2,3.6,2.1,3.2,3.5,2.05,3,3.6,2.18,3.17,3.84,2.38,3.3,2.8,2.1,3.19,3.72,2.19,3.4,3.84,2.13,3.18,3.57,2.22,3.25,3.95,2.05,1.75,2.11,1.78,2.16,1.81,2.02,1.76,2.14,1.86,-0.25,1.83,2.03,1.86,2.05,1.87,2.06,1.83,2.01,1.88,2.1
I2,24/08/2024,19:30,Sampdoria,Reggiana,0,1,A,0,0,D,9,19,1,4,11,12,6,4,2,4,0,0,1.67,3.6,5.5,1.66,3.7,5,1.67,3.6,5,1.65,3.74,5.49,1.65,3.6,5,1.68,3.75,5.3,1.69,3.86,5.6,1.66,3.68,5.2,1.66,3.75,5.8,2.1,1.7,2.14,1.74,2.21,1.76,2.11,1.7,2.12,1.77,-0.75,1.85,2,1.87,2.01,1.91,2.04,1.86,1.97,1.84,1.98,1.67,3.6,5.25,1.66,3.6,5.25,1.57,3.4,5,1.69,3.66,5.84,1.65,3.6,5,1.66,3.63,5.49,1.72,3.8,5.84,1.66,3.6,5.29,1.72,3.8,6.2,2.15,1.67,2.2,1.73,2.26,1.73,2.14,1.68,2.26,1.77,-0.75,1.88,1.98,1.91,2,1.91,2.05,1.86,1.97,1.94,2.04
I2,24/08/2024,19:30,Sassuolo,Cesena,2,1,H,1,0,H,13,23,6,6,10,14,3,9,3,2,0,0,1.85,3.7,3.9,1.85,3.6,4,1.8,3.8,3.9,1.85,3.7,4.14,1.85,3.4,4,1.87,3.72,4.07,1.9,3.8,4.14,1.85,3.65,3.98,1.9,3.7,4.3,1.9,1.95,1.88,1.97,2,1.98,1.88,1.9,1.93,1.96,-0.5,1.88,1.98,1.86,2.01,1.91,2.01,1.86,1.96,1.9,2,2.25,3.4,3.1,2.15,3.2,3.3,2,3.2,3.5,2.41,3.25,3.23,1.85,3.4,4,2.09,3.45,3.47,2.41,3.5,3.71,2.13,3.29,3.45,2.14,3.5,3.85,2.08,1.73,2.16,1.76,2.16,1.81,2.04,1.75,2.16,1.84,-0.25,2,1.85,2.06,1.85,2.06,2.1,1.85,1.98,1.86,2.11
I2,24/08/2024,19:30,Spezia,Frosinone,2,1,H,0,1,A,12,8,6,3,19,18,5,7,2,6,0,0,2.3,3.4,3,2.3,3.3,2.95,2.25,3.3,3,2.39,3.28,3.06,2.2,3.4,3,2.34,3.45,2.99,2.42,3.45,3.09,2.32,3.33,2.98,2.42,3.35,3.1,1.98,1.88,1.94,1.91,2,1.93,1.91,1.86,1.88,1.91,-0.25,2.03,1.83,2.07,1.82,2.08,1.87,2,1.82,2.07,1.85,2.15,3.3,3.4,2.15,3.2,3.3,2.05,3,3.4,2.24,3.17,3.68,2.2,3.4,3,2.11,3.31,3.54,2.24,3.35,3.68,2.17,3.2,3.41,2.26,3.35,3.75,2.08,1.73,2.18,1.74,2.18,1.8,2.06,1.74,2.12,1.85,-0.25,1.88,1.98,1.91,2,1.93,2.05,1.86,1.97,1.92,2.05
I2,25/08/2024,19:30,Catanzaro,Juve Stabia,0,0,D,0,0,D,11,11,2,2,14,9,9,4,2,2,0,0,2.2,3.2,3.4,2.15,3.3,3.25,2.15,3.3,3.3,2.22,3.19,3.49,2.15,3.3,3.2,2.18,3.4,3.34,2.25,3.4,3.55,2.18,3.24,3.35,2.22,3.05,2.82,2.05,1.75,2.08,1.76,2.12,1.78,2.05,1.74,2.1,1.77,-0.25,1.9,1.95,1.9,1.95,1.93,1.97,1.87,1.94,,,2.15,3.25,3.5,2.15,3.2,3.3,2.1,3,3.4,2.21,3.16,3.78,2.15,3.3,3.2,2.15,3.25,3.5,2.23,3.35,3.78,2.16,3.18,3.48,2.24,3.3,3.85,2.08,1.73,2.17,1.75,2.2,1.77,2.1,1.71,2.18,1.8,-0.25,1.88,1.98,1.88,2.03,1.9,2.04,1.85,1.98,1.9,2.08
I2,25/08/2024,19:30,Mantova,Cosenza,3,2,H,2,0,H,9,22,6,10,23,7,7,5,2,3,0,0,2.1,3.4,3.4,2.15,3.3,3.25,2.2,3.3,3.2,2.24,3.27,3.35,2.1,3.3,3.3,2.17,3.42,3.34,2.24,3.42,3.47,2.18,3.31,3.3,2.2,2.8,2.9,2.05,1.75,2.05,1.8,2.12,1.81,2.02,1.76,1.01,1.08,-0.25,1.88,1.98,1.93,1.93,1.93,2.02,1.87,1.95,,,2.3,3.3,3.1,2.3,3.2,3,2.3,2.88,3.1,2.46,3.08,3.3,2.1,3.3,3.3,2.3,3.31,3.1,2.46,3.31,3.34,2.35,3.15,3.1,2.5,3.2,3.4,2.1,1.7,2.19,1.73,2.26,1.74,2.12,1.7,2.24,1.79,-0.25,2.03,1.83,2.09,1.83,2.09,1.87,2.02,1.82,2.1,1.89
I2,27/08/2024,19:30,Bari,Sassuolo,1,1,D,0,1,A,26,8,4,2,11,12,13,3,1,1,0,1,2.63,3.2,2.63,2.6,3.25,2.6,2.7,3.1,2.63,2.84,3.09,2.8,2.9,3.3,2.3,2.69,3.34,2.61,2.84,3.34,2.8,2.71,3.16,2.68,2.84,3.3,2.8,2.05,1.75,2.13,1.78,2.13,1.81,2.06,1.76,2.18,1.82,0,1.93,1.93,1.96,1.94,1.98,1.95,1.94,1.91,1.98,1.96,2.6,3.3,2.7,2.55,3.2,2.65,2.7,3.1,2.7,2.69,3.2,2.86,2.9,3.3,2.3,2.74,3.32,2.55,2.83,3.32,2.86,2.69,3.17,2.68,2.84,3.3,2.86,2.03,1.83,2.07,1.83,2.07,1.87,2.01,1.79,2.08,1.9,0,1.85,2,1.89,2.02,1.98,2.05,1.92,1.94,1.98,2
I2,27/08/2024,19:30,Carrarese,Sudtirol,2,0,H,1,0,H,12,16,3,4,16,13,6,8,0,3,0,0,3,3,2.55,2.95,2.95,2.5,3,2.8,2.55,3.18,2.9,2.68,2.7,3.2,2.5,2.99,3.04,2.58,3.18,3.04,2.68,3.02,2.9,2.57,3.2,3,2.7,2.6,1.48,2.73,1.5,2.73,1.5,2.64,1.46,2.82,1.52,0,2.1,1.78,2.14,1.8,2.14,1.83,2.08,1.79,2.16,1.81,3.3,3,2.4,3.3,2.85,2.37,3.3,2.8,2.4,3.52,2.86,2.51,2.7,3.2,2.5,3.29,2.98,2.39,3.52,3,2.55,3.3,2.86,2.45,3.55,2.96,2.58,2.88,1.4,2.85,1.47,2.91,1.47,2.79,1.42,2.92,1.51,0.25,1.8,2.05,1.83,2.09,1.86,2.1,1.8,2.04,1.86,2.14
I2,27/08/2024,19:30,Cittadella,Pisa,1,1,D,1,1,D,9,18,4,1,14,18,2,5,4,1,0,0,3.6,3.1,2.25,3.25,3.1,2.2,3.4,3,2.2,3.58,3.15,2.29,2.6,3.25,2.62,3.23,3.34,2.27,3.6,3.34,2.35,3.34,3.11,2.25,3.6,3.25,2.32,2.15,1.67,2.19,1.73,2.25,1.74,2.12,1.69,2.3,1.74,0.25,1.93,1.93,1.95,1.95,1.99,1.97,1.91,1.9,1.98,1.97,3.8,3.1,2.1,3.7,3.1,2.1,3.6,3,2.1,3.99,3.18,2.13,2.6,3.25,2.62,3.97,3.18,2.04,3.99,3.2,2.24,3.73,3.1,2.12,4,3.25,2.2,2.15,1.67,2.22,1.71,2.26,1.72,2.15,1.67,2.34,1.72,0.25,2.05,1.8,2.11,1.82,2.12,1.85,2.06,1.78,2.11,1.87
I2,27/08/2024,19:30,Cremonese,Palermo,0,1,A,0,0,D,18,5,4,3,14,21,8,5,0,0,0,0,1.8,3.7,4.2,1.82,3.6,4.1,1.75,3.5,4.4,1.85,3.6,4.57,2.1,3.4,3.2,1.85,3.72,4.14,1.86,3.72,4.57,1.82,3.59,4.18,1.87,3.75,4.7,1.95,1.9,1.94,1.94,1.98,1.97,1.88,1.9,1.99,1.99,-0.75,2.05,1.75,2.12,1.79,2.13,1.83,2.07,1.78,2.14,1.84,1.95,3.6,3.8,1.93,3.4,3.9,1.91,3.25,4,2.01,3.45,4.06,2.1,3.4,3.2,1.91,3.6,3.9,2.01,3.6,4.1,1.96,3.42,3.87,2.04,3.5,4.3,2,1.85,2.01,1.88,2.02,1.9,1.95,1.83,2.04,1.95,-0.5,1.98,1.88,2.02,1.89,2.02,1.93,1.95,1.87,2.04,1.94
I2,27/08/2024,19:30,Frosinone,Modena,1,1,D,0,0,D,12,10,3,3,16,13,2,6,1,3,0,0,2.25,3.25,3.2,2.25,3.2,3.1,2.2,3.3,3.1,2.33,3.16,3.48,2.15,3.4,3.1,2.24,3.38,3.25,2.36,3.38,3.48,2.26,3.2,3.22,2.36,3.3,3.5,2.1,1.7,2.14,1.77,2.2,1.78,2.07,1.73,2.2,1.8,-0.25,1.98,1.88,1.99,1.92,2.02,1.92,1.94,1.88,2,1.94,2.5,3.2,2.9,2.45,3.1,2.95,2.5,2.9,3,2.58,3.09,3.11,2.15,3.4,3.1,2.5,3.2,2.9,2.58,3.2,3.15,2.5,3.06,2.99,2.66,3.15,3.15,2.2,1.65,2.27,1.69,2.29,1.71,2.19,1.66,2.36,1.73,0,1.78,2.1,1.78,2.16,1.8,2.17,1.76,2.13,1.84,2.16
I2,27/08/2024,19:30,Reggiana,Brescia,2,0,H,1,0,H,11,17,5,4,16,14,5,5,3,2,0,0,2.75,3,2.8,2.6,3.1,2.7,2.7,2.9,2.75,2.83,3.07,2.82,2.4,3.2,2.88,2.7,3.2,2.69,2.83,3.2,2.84,2.7,3.02,2.74,2.88,3.15,2.9,2.25,1.62,2.37,1.63,2.42,1.66,2.29,1.61,2.44,1.66,0,1.93,1.93,1.94,1.96,1.97,1.98,1.92,1.93,1.97,1.98,2.8,3,2.7,2.8,2.95,2.65,2.8,2.88,2.7,2.98,2.98,2.77,2.4,3.2,2.88,2.81,3.01,2.71,2.98,3.01,2.81,2.85,2.94,2.7,2.98,3.05,2.92,2.35,1.57,2.42,1.61,2.46,1.62,2.35,1.58,2.54,1.64,0,2,1.85,2.03,1.88,2.05,1.9,2,1.86,2.01,1.97
I2,27/08/2024,19:30,Salernitana,Sampdoria,3,2,H,1,2,A,24,13,8,4,15,9,7,4,2,1,1,0,2.8,3.25,2.55,2.6,3.25,2.6,2.75,3.1,2.6,2.89,3.15,2.71,2.5,3.3,2.62,2.75,3.3,2.58,2.89,3.3,2.8,2.75,3.16,2.61,2.94,3.3,2.76,2.08,1.73,2.17,1.75,2.23,1.77,2.11,1.71,2.2,1.79,0,2.03,1.83,2.02,1.89,2.07,1.93,1.99,1.87,2.05,1.93,2.45,3.25,2.9,2.45,3.2,2.8,2.45,3,2.9,2.57,3.23,2.99,2.5,3.3,2.62,2.46,3.26,2.91,2.63,3.26,2.99,2.5,3.17,2.89,2.64,3.25,3.1,2.05,1.75,2.08,1.82,2.16,1.84,2.05,1.75,2.12,1.86,0,1.78,2.1,1.81,2.12,1.82,2.14,1.79,2.08,1.83,2.17
I2,28/08/2024,19:30,Cesena,Catanzaro,2,0,H,1,0,H,12,15,5,2,10,15,3,2,4,3,0,0,2,3.4,3.75,2.05,3.3,3.6,2,3.3,3.8,2.06,3.22,3.93,2.05,3.4,3.4,2.01,3.52,3.73,2.08,3.52,3.93,2.02,3.32,3.7,2.06,3.35,3.9,2.05,1.8,2.07,1.8,2.11,1.82,2.02,1.77,2.06,1.82,-0.5,2.05,1.8,2.08,1.81,2.08,1.85,2.04,1.81,2.06,1.86,1.73,3.6,5,1.75,3.5,4.6,1.73,3.4,5,1.76,3.64,5.22,2,3.4,3.5,1.73,3.59,4.99,1.8,3.66,5.22,1.74,3.56,4.84,1.82,3.65,5.4,1.98,1.88,2.01,1.88,2.06,1.9,1.99,1.81,2.08,1.9,-0.75,1.95,1.9,1.99,1.92,2.02,1.93,1.95,1.87,2.07,1.92
I2,28/08/2024,19:30,Cosenza,Spezia,0,0,D,0,0,D,14,9,2,4,13,13,5,6,2,3,0,0,2.7,3.25,2.6,2.7,3.2,2.55,2.8,3.1,2.6,2.85,3.05,2.7,2.7,3.2,2.5,2.77,3.25,2.59,2.85,3.25,2.73,2.75,3.11,2.62,2.92,3.2,2.68,2.2,1.65,2.26,1.67,2.29,1.69,2.2,1.65,2.28,1.69,0,2,1.85,1.99,1.88,2.04,1.91,1.99,1.86,1.97,1.92,2.5,3.25,2.8,2.5,3,2.9,2.5,2.9,3,2.69,3.07,2.99,2.7,3.2,2.5,2.52,3.27,2.82,2.7,3.27,3,2.58,3.06,2.87,2.72,3.15,3.1,2.25,1.62,2.31,1.67,2.36,1.7,2.24,1.64,2.4,1.7,0,1.83,2.03,1.85,2.07,1.87,2.09,1.83,2.04,1.86,2.14
I2,28/08/2024,19:30,Juve Stabia,Mantova,1,0,H,1,0,H,6,13,3,2,10,26,5,7,5,2,0,0,2.38,3.2,3,2.35,3.2,3,2.38,3.2,3,2.45,3.15,3.09,2.25,3.3,3,2.4,3.34,2.99,2.46,3.34,3.15,2.39,3.2,3.02,2.42,3.2,3.15,2.1,1.7,2.13,1.73,2.16,1.78,2.09,1.72,2.16,1.75,-0.25,2.05,1.8,2.1,1.79,2.1,1.83,2.04,1.79,2.07,1.83,2.4,3.2,3,2.55,3.1,2.75,2.5,3,2.88,2.57,3.19,3.02,2.4,3.25,2.8,2.61,3.21,2.76,2.78,3.21,3.02,2.58,3.12,2.81,2.68,3.25,3.05,2.08,1.73,2.17,1.75,2.19,1.8,2.09,1.73,2.2,1.8,0,1.7,2.1,1.81,2.13,1.89,2.14,1.82,2.04,1.86,2.13
I2,31/08/2024,17:00,Sampdoria,Bari,0,0,D,0,0,D,9,25,4,7,11,11,2,4,3,4,1,0,1.9,3.5,4,1.9,3.25,4.1,1.8,3.3,4.6,1.88,3.31,4.54,1.85,3.4,4,1.91,3.45,4.22,1.98,3.5,4.6,1.89,3.31,4.23,1.65,3.4,1.04,2.2,1.65,2.25,1.67,2.31,1.67,2.2,1.64,1.87,1.37,-0.5,1.9,1.95,1.9,1.97,1.94,2,1.88,1.92,1.65,2.02,2.1,3.2,3.7,2.05,3.2,3.6,2.05,3,3.9,2.13,3.18,3.99,1.85,3.4,4,2.1,3.2,3.7,2.16,3.21,3.99,2.09,3.16,3.68,2.2,3.15,4.2,2.15,1.67,2.23,1.72,2.26,1.73,2.14,1.68,2.3,1.74,-0.25,1.8,2.05,1.82,2.11,1.88,2.11,1.79,2.04,1.84,2.17
I2,31/08/2024,19:30,Modena,Cittadella,0,1,A,0,1,A,18,10,6,4,20,16,8,3,3,6,0,0,2.05,3.3,3.7,2.1,3.2,3.5,2.1,3.2,3.75,2.1,3.13,3.91,2.1,3.2,3.4,2.07,3.32,3.74,2.17,3.32,3.94,2.08,3.17,3.71,1.86,3.1,3.7,2.25,1.62,2.36,1.61,2.36,1.62,2.3,1.59,2.16,1.45,-0.5,2.05,1.8,2.1,1.76,2.17,1.83,2.08,1.75,1.86,1.78,1.85,3.25,4.5,1.93,3.1,4.33,1.91,3,4.6,1.93,3.17,4.92,2.1,3.2,3.4,1.94,3.25,4.26,2.08,3.25,4.92,1.94,3.1,4.37,1.95,3.2,5.2,2.5,1.5,2.58,1.55,2.61,1.55,2.51,1.5,2.7,1.56,-0.5,1.88,1.98,1.94,1.96,1.95,2.01,1.92,1.88,1.95,2.02
I2,31/08/2024,19:30,Pisa,Reggiana,2,1,H,1,0,H,15,8,5,5,12,17,1,4,0,4,0,0,1.67,3.75,5,1.7,3.6,4.8,1.73,3.5,5,1.72,3.53,5.22,1.67,3.7,4.8,1.75,3.66,4.81,1.82,3.75,5.3,1.72,3.54,4.89,1.18,1.18,1.04,2.1,1.7,2.16,1.73,2.17,1.75,2.1,1.7,1.07,1.34,-0.75,1.95,1.9,1.97,1.89,2,1.95,1.95,1.87,1.18,1.52,1.8,3.6,4.33,1.8,3.4,4.5,1.75,3.3,4.75,1.83,3.35,5.21,1.67,3.7,4.8,1.81,3.62,4.36,1.89,3.62,5.4,1.8,3.38,4.66,1.89,3.5,5.3,2.2,1.65,2.3,1.67,2.37,1.69,2.22,1.63,2.32,1.74,-0.5,1.83,2.03,1.84,2.08,1.85,2.08,1.78,2.04,1.89,2.11
I2,31/08/2024,19:30,Sassuolo,Cremonese,1,4,A,1,3,A,12,11,4,6,15,10,6,2,2,1,0,0,2.3,3.2,3.2,2.25,3.2,3.1,2.25,3.2,3.3,2.31,3.08,3.41,,,,2.31,3.18,3.31,2.33,3.25,3.47,2.28,3.13,3.26,1.76,1.84,2.56,2.05,1.75,2.13,1.75,2.2,1.78,2.08,1.72,1.06,1.08,-0.25,2,1.85,1.98,1.89,2.04,1.91,1.95,1.87,1.71,1.64,2.63,3.25,2.7,2.5,3.2,2.8,2.63,3,2.7,2.75,3.17,2.83,,,,2.63,3.26,2.7,2.75,3.26,2.83,2.62,3.15,2.73,2.84,3.25,2.88,2,1.85,2.02,1.87,2.06,1.87,1.96,1.81,2.08,1.91,0,1.93,1.93,1.93,1.98,1.96,1.98,1.91,1.93,1.97,2.02
I2,31/08/2024,19:30,Sudtirol,Brescia,1,2,A,0,1,A,19,5,7,2,13,15,9,3,3,6,0,0,2.3,3.1,3.3,2.3,2.9,3.3,2.3,2.9,3.3,2.43,2.78,3.59,2.15,3.1,3.4,2.31,3.08,3.43,2.43,3.1,3.62,2.34,2.88,3.42,2.44,1.55,3.45,2.7,1.44,2.87,1.44,2.87,1.47,2.68,1.44,2.78,1.42,-0.25,2,1.85,2.04,1.84,2.04,1.9,1.98,1.85,1.89,1.48,2.25,2.9,3.75,2.25,2.85,3.6,2.25,2.75,3.8,2.3,2.81,4.11,2.15,3.1,3.4,2.25,2.9,3.74,2.38,2.9,4.11,2.27,2.8,3.75,2.38,2.92,4.1,2.88,1.4,2.92,1.44,2.92,1.46,2.76,1.42,2.98,1.5,-0.25,1.88,1.98,1.91,1.99,2,2.01,1.88,1.94,1.98,2.01
I2,01/09/2024,19:30,Catanzaro,Carrarese,3,1,H,2,1,H,17,7,8,1,13,11,0,5,2,2,0,0,2,3.1,4.1,2,3.25,3.7,2,3.2,3.9,2.05,3.05,4.26,,,,2.08,3.2,3.88,2.1,3.25,4.33,2.04,3.12,3.95,1.15,1.67,3.9,2.15,1.67,2.21,1.68,2.21,1.72,2.14,1.68,1.01,1.48,-0.5,2.05,1.8,2.05,1.81,2.08,1.83,2.02,1.79,,,2.1,3.1,3.75,2.1,3.2,3.5,2,3,3.6,2.17,3.2,3.86,,,,2.11,3.12,3.78,2.2,3.3,3.86,2.12,3.12,3.63,2.2,3.3,3.95,2.08,1.73,2.15,1.76,2.16,1.78,2.08,1.71,2.18,1.8,-0.25,1.71,1.91,1.85,2.07,1.85,2.09,1.8,2.02,1.86,2.12
I2,01/09/2024,19:30,Frosinone,Juve Stabia,0,0,D,0,0,D,9,6,3,3,23,13,4,2,3,4,1,1,1.91,3.2,4.33,1.9,3.3,4.1,1.91,3.3,4.2,1.91,3.28,4.45,,,,1.93,3.38,4.2,1.97,3.4,4.6,1.91,3.28,4.23,1.11,1.71,1.48,2.15,1.67,2.2,1.69,2.22,1.71,2.14,1.68,1.01,1.04,-0.5,1.93,1.93,1.92,1.93,1.98,1.95,1.9,1.91,,,1.95,3.2,4.33,1.98,3.2,3.9,1.91,3.1,3.9,2,3.28,4.35,,,,1.94,3.19,4.32,2.02,3.29,4.73,1.96,3.21,4.07,2.06,3.4,4.4,2.2,1.65,2.26,1.69,2.28,1.71,2.18,1.65,2.34,1.72,-0.5,1.86,1.76,2.01,1.89,2.01,1.91,1.94,1.84,2.07,1.92
I2,01/09/2024,19:30,Mantova,Salernitana,1,0,H,0,0,D,7,5,2,2,16,16,0,1,0,3,0,0,2.45,3.3,2.8,2.5,3.4,2.65,2.45,3.3,2.8,2.54,3.17,2.93,,,,2.5,3.32,2.83,2.6,3.45,2.99,2.49,3.24,2.82,2.06,1.97,2.14,1.85,2,1.85,1.99,1.93,2.05,1.84,1.94,1.66,2.06,0,1.8,2.05,1.79,2.08,1.89,2.08,1.82,2.03,,,2.25,3.4,3,2.3,3.25,2.95,2.25,3.2,2.88,2.4,3.33,3.16,,,,2.34,3.45,2.94,2.4,3.45,3.16,2.33,3.29,2.98,2.46,3.45,3.2,1.75,2.05,1.79,2.1,1.85,2.13,1.76,2.02,1.84,2.14,-0.25,1.91,1.71,2.06,1.85,2.06,1.86,2,1.81,2.1,1.88
I2,01/09/2024,19:30,Palermo,Cosenza,1,1,D,0,1,A,22,14,9,3,12,9,12,8,1,4,0,0,2,3.3,3.6,1.95,3.3,3.8,2,3.3,3.8,2.04,3.22,3.98,,,,2.01,3.45,3.81,2.07,3.45,4.1,2.01,3.26,3.82,2,1.85,1.58,2.1,1.7,2.13,1.73,2.17,1.77,2.1,1.71,2.16,1.73,-0.5,2.03,1.83,2.05,1.81,2.05,1.87,2.01,1.8,,,1.91,3.5,3.8,1.95,3.4,3.75,1.87,3.2,3.9,1.93,3.43,4.4,,,,1.94,3.55,3.85,1.95,3.55,4.4,1.92,3.42,3.91,2,3.5,4.5,1.98,1.88,1.97,1.92,2.06,1.93,1.92,1.85,2.06,1.92,-0.5,1.81,1.81,1.94,1.96,1.94,1.98,1.9,1.89,2.01,1.98
I2,01/09/2024,19:30,Spezia,Cesena,2,1,H,0,1,A,11,15,3,6,17,21,4,1,3,2,0,0,2.4,3.4,2.88,2.35,3.3,2.87,2.45,3.3,2.88,2.49,3.08,3.1,,,,2.44,3.2,3.04,2.51,3.4,3.14,2.41,3.18,2.98,1.51,1.14,1.55,2.1,1.7,2.19,1.69,2.21,1.79,2.12,1.69,1.01,1.01,-0.25,2.1,1.78,2.12,1.76,2.12,1.8,2.06,1.77,,,2.4,3.2,3,2.45,3,2.95,2.4,2.88,2.9,2.59,3.05,3.14,,,,2.41,3.22,3.01,2.59,3.22,3.14,2.46,3.07,2.98,2.62,3.2,3.2,2.25,1.62,2.3,1.67,2.33,1.68,2.22,1.63,2.34,1.7,-0.25,1.98,1.66,2.18,1.75,2.18,1.78,2.09,1.74,2.21,1.81
I2,13/09/2024,19:30,Cesena,Modena,2,2,D,2,1,H,12,10,4,4,11,11,3,4,1,2,0,1,2.2,2.9,3.7,2.2,2.95,3.6,2.15,2.9,3.7,2.29,2.84,4,2.1,3.2,3.4,2.29,2.8,3.98,2.29,3,4.01,2.23,2.87,3.75,2.3,3,4,2.7,1.44,2.71,1.5,2.71,1.51,2.57,1.49,2.74,1.54,-0.25,1.88,1.98,1.92,1.97,1.93,2.02,1.86,1.95,1.93,2.03,2.35,2.9,3.4,2.3,2.85,3.4,2.3,2.8,3.5,2.4,2.98,3.51,2.1,3.2,3.4,2.37,2.92,3.42,2.47,3,3.95,2.35,2.84,3.48,2.48,3,3.7,2.6,1.48,2.67,1.51,2.75,1.51,2.6,1.47,2.7,1.57,-0.25,2,1.85,2.02,1.87,2.05,1.91,1.96,1.86,2.07,1.92
I2,14/09/2024,14:00,Bari,Mantova,2,0,H,1,0,H,13,9,2,1,6,29,5,5,3,2,0,1,2.05,3.3,3.7,2.05,3.2,3.6,2.1,3.3,3.6,2.09,3.11,3.94,2.05,3.3,3.5,2.04,3.45,3.68,2.12,3.45,4,2.07,3.21,3.7,2.08,3.3,3.85,2.1,1.7,2.1,1.74,2.21,1.77,2.09,1.72,2.14,1.76,-0.5,2.05,1.8,2.09,1.76,2.11,1.81,2.06,1.76,2.08,1.81,1.91,3.3,4.2,1.95,3.3,3.9,1.91,3.25,4.2,1.94,3.36,4.51,2.05,3.3,3.5,1.89,3.32,4.38,2,3.41,4.51,1.93,3.31,4.08,1.99,3.45,4.6,2,1.85,2.02,1.87,2.06,1.88,1.99,1.8,2.04,1.92,-0.5,1.93,1.93,1.95,1.95,2,1.97,1.94,1.88,1.99,1.98
I2,14/09/2024,14:00,Brescia,Frosinone,4,0,H,3,0,H,14,8,7,2,10,15,6,2,1,2,0,1,2.4,3.3,3,2.4,3.1,3,2.38,3.2,3,2.49,2.96,3.19,2.3,3.2,3,2.38,3.24,3.09,2.53,3.3,3.27,2.43,3.06,3.07,2.48,3.1,3.2,2.2,1.65,2.24,1.65,2.31,1.67,2.21,1.64,2.24,1.71,-0.25,2.1,1.78,2.11,1.77,2.13,1.82,2.06,1.78,2.09,1.81,2.4,3.25,2.9,2.55,3.1,2.8,2.5,3,2.88,2.51,3.12,3.18,2.3,3.2,3,2.55,3.23,2.81,2.63,3.25,3.18,2.52,3.09,2.92,2.62,3.15,3.2,2.1,1.7,2.16,1.75,2.26,1.77,2.11,1.7,2.2,1.81,0,1.7,2.1,1.74,2.21,1.84,2.21,1.79,2.08,1.79,2.21
I2,14/09/2024,14:00,Cittadella,Catanzaro,0,0,D,0,0,D,13,5,4,2,12,17,6,2,2,2,0,0,2.15,3.5,3.2,2.15,3.25,3.25,2.15,3.3,3.3,2.23,3.34,3.27,2.25,3.25,3.1,2.24,3.34,3.29,2.26,3.5,3.4,2.19,3.31,3.24,2.26,3.25,3.45,2.1,1.7,2.16,1.7,2.21,1.75,2.12,1.7,2.08,1.68,-0.25,1.93,1.93,1.93,1.92,1.97,1.97,1.9,1.92,1.92,1.96,2.45,3.2,2.88,2.45,3.2,2.87,2.4,3.1,3,2.56,3.12,3.11,2.25,3.25,3.1,2.38,3.42,2.89,2.56,3.42,3.11,2.43,3.18,2.97,2.62,3.2,3.2,2.15,1.67,2.25,1.69,2.26,1.74,2.14,1.68,2.26,1.76,0,1.78,2.1,1.78,2.16,1.83,2.19,1.76,2.13,1.81,2.22
I2,14/09/2024,14:00,Cremonese,Spezia,1,1,D,1,0,H,9,11,4,5,11,14,2,3,1,4,0,0,1.85,3.75,3.9,1.9,3.4,3.9,1.85,3.6,4,1.84,3.41,4.54,1.95,3.4,3.7,1.85,3.64,4.24,1.9,3.75,4.6,1.86,3.47,4.18,1.88,3.6,4.4,2.03,1.83,2,1.84,2.11,1.86,1.99,1.79,2.02,1.85,-0.5,1.88,1.98,1.86,2,1.9,2.02,1.85,1.96,1.88,2.01,2.05,3.4,3.5,2.05,3.3,3.5,2,3.2,3.75,2.09,3.38,3.86,1.95,3.4,3.7,2.07,3.43,3.53,2.16,3.5,3.89,2.05,3.35,3.61,2.12,3.45,4,2,1.85,2.06,1.84,2.06,1.9,2,1.79,2.06,1.91,-0.25,1.8,2.05,1.79,2.13,1.84,2.13,1.78,2.08,1.83,2.19
I2,14/09/2024,14:00,Juve Stabia,Palermo,1,3,A,0,2,A,14,9,5,6,17,15,6,2,2,3,0,0,3,3.25,2.4,3,3.2,2.3,3,3.2,2.38,3.08,3.13,2.45,3,3.25,2.25,3.03,3.28,2.4,3.13,3.28,2.48,3.01,3.15,2.39,3.2,3.15,2.48,2.15,1.67,2.19,1.68,2.26,1.71,2.16,1.67,2.22,1.71,0.25,1.78,2.1,1.78,2.1,1.81,2.12,1.78,2.04,1.82,2.1,2.88,3.1,2.55,2.9,3.1,2.4,2.9,3,2.5,2.98,3.15,2.63,3,3.25,2.25,2.99,3.11,2.49,3,3.2,2.63,2.91,3.09,2.51,3.1,3.2,2.66,2.2,1.65,2.25,1.69,2.28,1.71,2.18,1.66,2.3,1.75,0,2.03,1.83,2.08,1.84,2.15,1.87,2.07,1.8,2.15,1.83
I2,15/09/2024,14:00,Carrarese,Sassuolo,0,2,A,0,0,D,14,16,3,7,10,14,3,1,0,2,0,0,3.3,3.3,2.2,3.1,3.3,2.2,3.3,3.3,2.15,3.48,3.16,2.22,3.1,3.3,2.2,3.32,3.44,2.17,3.62,3.44,2.29,3.32,3.23,2.19,3.35,3.25,2.2,2.03,1.83,2.01,1.81,2.08,1.83,2,1.79,1.85,1.77,0.25,1.93,1.93,1.93,1.9,1.96,1.99,1.93,1.88,,,3.5,3.4,2.05,3.4,3.3,2.1,3.6,3.25,2.05,3.74,3.39,2.12,3.1,3.3,2.2,3.53,3.43,2.07,3.74,3.43,2.45,3.45,3.32,2.11,3.9,3.5,2.16,1.95,1.9,1.93,1.95,2.02,1.96,1.91,1.86,2,1.99,0.25,2.03,1.83,2.1,1.83,2.14,2.04,2.01,1.83,2.14,1.85
I2,15/09/2024,14:00,Cosenza,Sampdoria,2,1,H,1,0,H,11,10,6,3,17,17,1,9,3,2,0,0,2.63,3.3,2.63,2.7,3.1,2.6,2.63,3.3,2.63,2.77,3.05,2.75,2.6,3.2,2.6,2.7,3.26,2.65,2.81,3.3,2.79,2.69,3.13,2.66,2.78,3.05,2.76,2.2,1.65,2.24,1.65,2.28,1.67,2.2,1.64,2.06,1.67,0,1.93,1.93,1.93,1.91,1.96,1.95,1.93,1.91,,,2.3,3.1,3.3,2.3,3.1,3.1,2.3,3,3.3,2.36,3.15,3.43,2.6,3.2,2.6,2.3,3.1,3.31,2.7,3.2,3.44,2.33,3.1,3.2,2.42,3.2,3.55,2.2,1.65,2.26,1.69,2.37,1.73,2.19,1.66,2.32,1.73,0,1.6,2.3,1.64,2.39,1.92,2.42,1.67,2.27,1.67,2.47
I2,15/09/2024,14:00,Reggiana,Sudtirol,1,3,A,1,2,A,22,16,6,4,15,12,10,5,0,2,0,0,2.45,3,3.1,2.5,3,2.95,2.5,3,3,2.59,2.83,3.2,2.5,3,2.9,2.51,3.08,3.05,2.63,3.08,3.26,2.53,2.91,3.06,2.56,2.82,3,2.6,1.48,2.68,1.48,2.72,1.5,2.59,1.47,2.38,1.47,0,1.7,2.1,1.73,2.15,1.8,2.16,1.75,2.1,,,2.45,2.9,3.2,2.5,2.8,3.1,2.5,2.7,3.3,2.57,2.84,3.44,2.5,3,2.9,2.47,2.92,3.22,2.6,3,3.44,2.51,2.83,3.21,2.64,2.92,3.5,2.7,1.44,2.9,1.45,2.91,1.48,2.75,1.43,2.94,1.5,-0.25,2.1,1.78,2.14,1.79,2.17,1.81,2.1,1.76,2.19,1.83
I2,15/09/2024,16:30,Salernitana,Pisa,2,3,A,1,2,A,12,8,7,5,8,17,8,0,3,3,0,0,2.6,3.25,2.7,2.4,3.3,2.8,2.55,3.3,2.7,2.61,3.26,2.75,2.45,3.25,2.75,2.56,3.44,2.68,2.66,3.44,2.9,2.55,3.25,2.72,2.58,3.2,2.66,1.93,1.93,1.92,1.9,1.96,1.93,1.9,1.87,1.78,1.91,0,1.88,1.98,1.87,1.97,1.89,2,1.86,1.97,,,3.1,3.1,2.38,2.9,3.2,2.37,2.9,3,2.45,3.25,3.21,2.42,2.45,3.25,2.75,3.13,3.13,2.39,2.85,3.15,2.5,2.85,3.15,2.5,3.25,3.25,2.52,2.05,1.8,2.06,1.83,1.94,1.75,1.94,1.75,2.12,1.87,0,2.2,1.65,2.28,1.69,2.02,1.75,2.02,1.75,2.26,1.76
I2,20/09/2024,19:30,Catanzaro,Cremonese,1,2,A,1,1,D,8,18,3,3,22,15,4,6,2,4,0,0,2.75,3.25,2.55,2.7,3.3,2.5,2.75,3.2,2.55,2.87,3.25,2.65,3.1,3.3,2.2,2.83,3.22,2.56,2.9,3.3,2.65,2.78,3.22,2.54,2.92,3.4,2.66,1.98,1.88,2,1.88,2,1.95,1.93,1.85,2.02,1.95,0,2.03,1.83,2.03,1.88,2.08,1.88,2.03,1.83,2.06,1.88,2.7,3.2,2.63,2.7,3.3,2.5,2.75,3.1,2.55,2.8,3.28,2.7,3.1,3.3,2.2,2.71,3.22,2.64,2.9,3.35,2.7,2.72,3.22,2.59,2.86,3.3,2.8,1.9,1.95,1.95,1.93,2.02,1.97,1.9,1.87,2,1.99,0,1.95,1.9,1.99,1.92,2.08,1.95,1.98,1.88,2.02,1.97
I2,21/09/2024,14:00,Cosenza,Sassuolo,0,1,A,0,0,D,22,11,5,6,16,10,6,2,3,4,0,0,2.7,3.2,2.63,2.65,3.2,2.6,2.75,3.2,2.55,2.81,3.1,2.7,2.62,3.25,2.5,2.76,3.2,2.64,2.88,3.3,2.71,2.74,3.14,2.62,2.78,3.25,2.68,2,1.85,2.02,1.85,2.04,1.88,1.96,1.82,1.95,1.86,0,1.95,1.9,1.97,1.9,2,1.93,1.96,1.88,1.98,1.9,2.75,3.1,2.63,2.75,3.1,2.55,2.75,3,2.6,2.92,3.09,2.72,2.62,3.25,2.5,2.88,3.13,2.56,3.05,3.2,2.72,2.82,3.07,2.61,2.94,3.25,2.82,2.08,1.73,2.11,1.78,2.17,1.81,2.05,1.75,2.2,1.82,0,2,1.85,2.03,1.88,2.05,1.91,2,1.86,2.04,1.95
I2,21/09/2024,14:00,Palermo,Cesena,0,0,D,0,0,D,15,11,1,7,21,15,4,4,4,5,0,0,2.15,3.2,3.5,2.15,3.25,3.3,2.1,3.3,3.5,2.19,3.17,3.61,2.15,3.3,3.25,2.17,3.28,3.5,2.23,3.3,3.64,2.16,3.2,3.44,2.18,3.3,3.7,2.1,1.7,2.19,1.7,2.19,1.75,2.12,1.7,2.04,1.78,-0.25,1.88,1.98,1.88,2,1.95,2.02,1.85,1.97,1.86,2.05,2.55,3.25,2.75,2.5,3.25,2.75,2.5,3,2.88,2.58,3.28,2.94,2.15,3.3,3.25,2.55,3.25,2.8,2.61,3.31,3.23,2.5,3.23,2.83,2.66,3.25,3.05,1.98,1.88,2.01,1.88,2.02,1.93,1.96,1.83,2.06,1.91,0,1.83,2.03,1.83,2.09,1.88,2.09,1.82,2.04,1.85,2.14
I2,21/09/2024,14:00,Pisa,Brescia,2,1,H,1,0,H,13,14,5,5,6,14,2,4,1,3,0,0,1.91,3.4,4.2,1.9,3.25,4.2,1.85,3.3,4.33,1.92,3.16,4.67,1.91,3.25,4.2,1.93,3.2,4.54,2.05,3.4,4.75,1.92,3.21,4.34,1.99,3.2,4.7,2.15,1.67,2.23,1.68,2.23,1.71,2.17,1.66,2.22,1.71,-0.5,1.93,1.93,1.93,1.93,1.99,1.98,1.9,1.91,1.99,1.94,1.95,3.4,4,1.93,3.3,3.9,1.91,3.1,4.33,1.98,3.21,4.58,1.91,3.25,4.2,1.95,3.4,3.99,2.1,3.4,4.6,1.96,3.22,4.12,2,3.35,4.8,2.15,1.67,2.23,1.71,2.26,1.74,2.16,1.67,2.28,1.75,-0.5,1.95,1.9,1.99,1.92,2.01,1.94,1.95,1.88,2,1.98
I2,21/09/2024,14:00,Reggiana,Salernitana,0,0,D,0,0,D,10,15,2,8,18,12,5,5,1,4,0,0,2.35,3.1,3.2,2.35,3.1,3.1,2.3,3.2,3.2,2.39,2.96,3.42,2.25,3.2,3.1,2.36,3.1,3.28,2.42,3.2,3.47,2.34,3.04,3.25,2.42,3.15,3.4,2.2,1.65,2.29,1.65,2.35,1.74,2.2,1.65,2.28,1.7,-0.25,2,1.85,2.02,1.85,2.05,1.88,1.97,1.84,2.04,1.88,2.3,3.2,3.2,2.3,3.1,3.1,2.25,3,3.3,2.37,3.2,3.35,2.25,3.2,3.1,2.3,3.21,3.21,2.37,3.21,3.35,2.32,3.12,3.19,2.38,3.25,3.5,2.05,1.75,2.08,1.82,2.17,1.82,2.07,1.73,2.16,1.83,-0.25,1.98,1.88,2.02,1.88,2.04,1.92,1.98,1.86,2.02,1.95
I2,21/09/2024,14:00,Sampdoria,Sudtirol,1,0,H,1,0,H,12,8,3,2,12,16,5,2,3,2,0,0,1.95,3.25,4,2,3.1,3.9,2,3.2,4,1.99,3.03,4.55,2,3.1,3.8,1.97,3.24,4.27,2.08,3.25,4.6,1.98,3.12,4.16,2.04,3.2,4.2,2.35,1.57,2.46,1.57,2.46,1.6,2.36,1.56,2.32,1.61,-0.5,2,1.85,2.01,1.86,2.08,1.87,1.99,1.82,2.04,1.84,1.95,3.25,4.1,1.98,3.1,4.1,1.91,3,4.4,1.98,3.13,4.77,2,3.1,3.8,1.96,3.27,4.12,2.1,3.27,4.77,1.99,3.09,4.22,2.04,3.25,4.8,2.3,1.6,2.44,1.6,2.47,1.62,2.38,1.56,2.46,1.66,-0.5,1.98,1.88,1.99,1.92,2.04,1.93,1.98,1.84,2.05,1.94
I2,21/09/2024,17:00,Modena,Juve Stabia,3,0,H,2,0,H,9,7,5,3,18,12,7,4,3,2,0,0,2,3,4.1,2,3,4,2,3.1,4,2.03,3.03,4.38,1.95,3.1,4.2,2.04,3.06,4.26,2.12,3.1,4.5,2.02,3.02,4.14,2.14,3,4.3,2.5,1.5,2.6,1.52,2.61,1.53,2.51,1.5,2.6,1.55,-0.5,2.03,1.83,2.05,1.83,2.12,1.88,2.02,1.8,2.14,1.81,1.83,3.2,4.75,1.88,3.1,4.5,1.83,2.9,4.6,1.91,3.19,5.09,1.95,3.1,4.2,1.9,3.14,4.84,2.05,3.2,5.16,1.89,3.11,4.63,1.96,3.25,5.2,2.5,1.5,2.59,1.54,2.66,1.55,2.52,1.5,2.6,1.61,-0.5,1.88,1.98,1.92,1.99,1.92,2.06,1.87,1.95,1.96,2.01
I2,22/09/2024,14:00,Frosinone,Bari,0,3,A,0,1,A,26,13,6,8,20,11,3,3,3,1,0,0,2.3,3.3,3.1,2.35,3.3,2.9,2.3,3.3,3.1,2.43,3.27,3.01,2.3,3.3,2.9,2.44,3.22,3.02,2.45,3.4,3.1,2.37,3.24,2.97,2.5,3.15,2.96,2.08,1.73,2.13,1.73,2.19,1.8,2.07,1.73,2.14,1.72,-0.25,2.05,1.8,2.09,1.78,2.11,1.83,2.03,1.78,,,2.55,3.3,2.75,2.5,3.2,2.75,2.55,3,2.8,2.66,3.17,2.93,2.3,3.3,2.9,2.55,3.3,2.75,2.66,3.3,2.93,2.56,3.16,2.8,2.74,3.25,2.96,2.08,1.73,2.17,1.75,2.17,1.79,2.09,1.72,2.18,1.82,0,1.83,2.03,1.86,2.05,1.88,2.06,1.83,2.03,1.91,2.05
I2,22/09/2024,14:00,Mantova,Cittadella,1,0,H,0,0,D,17,11,7,0,26,22,6,4,2,3,0,0,1.95,3.3,4,1.98,3.3,3.75,2,3.3,3.8,1.98,3.42,3.94,2.1,3.25,3.4,2,3.42,3.85,2.06,3.51,4,1.98,3.35,3.77,1.57,3.3,3.8,2.05,1.75,2.05,1.8,2.19,1.82,2.04,1.76,1.88,1.62,-0.5,2,1.85,1.99,1.87,2.06,1.9,1.99,1.83,,,2.5,3.1,2.9,2.4,3.1,2.95,2.45,3,3,2.55,3.11,3.14,2.1,3.25,3.4,2.53,3.14,2.91,2.55,3.2,3.2,2.44,3.09,3.02,2.6,3.15,3.2,2.15,1.67,2.21,1.72,2.26,1.73,2.13,1.69,2.26,1.78,-0.25,2.1,1.7,2.16,1.78,2.2,1.8,2.08,1.76,2.2,1.81
I2,22/09/2024,14:00,Spezia,Carrarese,4,2,H,1,1,D,19,12,11,6,21,15,9,5,3,4,0,0,1.73,3.75,4.5,1.7,3.6,4.75,1.73,3.5,5,1.7,3.45,5.62,1.73,3.5,4.6,1.73,3.7,4.91,1.77,3.75,5.62,1.72,3.52,4.98,1.68,3.25,4.9,2.1,1.7,2.12,1.74,2.21,1.77,2.09,1.72,2.06,1.69,-0.75,1.98,1.88,1.93,1.93,2.02,1.93,1.93,1.88,,,1.83,3.4,4.33,1.82,3.3,4.4,1.8,3.2,5,1.85,3.34,5.08,1.73,3.5,4.6,1.83,3.44,4.54,1.95,3.44,5.1,1.84,3.31,4.59,1.89,3.45,5.3,2.15,1.67,2.21,1.72,2.26,1.74,2.14,1.68,2.26,1.78,-0.5,1.85,2,1.86,2.05,1.88,2.07,1.83,2,1.89,2.1
I2,27/09/2024,19:30,Cittadella,Frosinone,1,2,A,0,1,A,12,17,4,5,12,16,8,4,4,3,0,0,2.45,3.25,2.88,2.4,3.1,2.95,2.5,3,2.9,2.59,3.07,3.11,2.6,3.2,2.6,2.47,3.28,2.92,2.61,3.28,3.13,2.48,3.12,2.95,2.64,3.25,3.1,2.15,1.67,2.23,1.71,2.25,1.73,2.14,1.68,2.28,1.75,0,1.72,2.04,1.79,2.15,1.82,2.16,1.77,2.09,1.82,2.15,2.38,3.3,2.9,2.4,3.1,3,2.63,3,2.8,2.5,3.16,3.16,2.6,3.2,2.6,2.47,3.34,2.83,2.63,3.34,3.16,2.49,3.12,2.92,2.66,3.2,3.1,2.08,1.73,2.15,1.76,2.17,1.8,2.09,1.72,2.2,1.81,0,1.73,2.08,1.74,2.2,1.83,2.25,1.76,2.12,1.83,2.16
I2,28/09/2024,14:00,Bari,Cosenza,1,1,D,1,0,H,12,11,1,4,11,17,7,4,2,1,1,0,2.15,3.1,3.6,2.25,3.1,3.25,2.1,3.2,3.5,2.19,3.13,3.8,2.15,3,3.5,2.14,3.32,3.52,2.27,3.32,3.82,2.18,3.11,3.54,2.24,3.15,3.75,2.25,1.62,2.31,1.65,2.31,1.66,2.25,1.62,2.2,1.66,-0.25,1.85,2,1.87,2.02,1.95,2.04,1.84,1.98,1.9,2.04,2,3.2,3.9,2.05,3.2,3.7,2,3.1,4,2.05,3.21,4.24,2.15,3,3.5,2.02,3.23,3.94,2.11,3.26,4.24,2.04,3.18,3.86,2.1,3.3,4.4,2.1,1.7,2.2,1.72,2.26,1.77,2.13,1.69,2.26,1.77,-0.5,2.05,1.8,2.06,1.85,2.11,1.9,2.03,1.8,2.1,1.89
I2,28/09/2024,14:00,Carrarese,Reggiana,0,0,D,0,0,D,17,10,6,4,13,10,5,5,3,5,0,0,2.6,3.2,2.7,2.6,3.1,2.75,2.7,3,2.75,2.83,2.97,2.87,2.4,3.2,2.88,2.67,3.2,2.72,2.83,3.2,2.87,2.69,3.03,2.75,2.8,3.1,2.88,2.25,1.62,2.35,1.61,2.35,1.64,2.28,1.61,2.34,1.65,0,1.88,1.98,1.93,1.95,1.94,2.02,1.9,1.94,1.94,1.98,2.75,3.1,2.55,2.9,3,2.5,3,3,2.45,2.99,3.01,2.73,2.4,3.2,2.88,2.8,3.16,2.6,3,3.2,2.73,2.89,3.01,2.59,3,3.15,2.78,2.25,1.62,2.32,1.66,2.32,1.67,2.23,1.63,2.38,1.7,0,2.03,1.83,2.05,1.86,2.13,1.88,2.05,1.82,2.06,1.91
I2,28/09/2024,14:00,Sassuolo,Spezia,0,0,D,0,0,D,12,13,3,1,11,12,4,3,2,2,0,0,2.1,3.25,3.6,2.1,3.3,3.4,2.1,3.3,3.5,2.13,3.31,3.74,2.05,3.4,3.4,2.08,3.5,3.51,2.14,3.5,3.74,2.09,3.29,3.53,2.14,3.35,3.65,2.03,1.83,2.02,1.86,2.07,1.87,1.98,1.8,1.92,1.87,-0.25,1.8,2.05,1.83,2.07,1.88,2.09,1.79,2.03,1.83,2.08,2.1,3.25,3.7,2.1,3.2,3.5,2.1,3.1,3.5,2.12,3.35,3.79,2.05,3.4,3.4,2.11,3.26,3.61,2.2,3.35,3.79,2.11,3.22,3.57,2.24,3.35,3.8,2,1.85,2.01,1.88,2.16,1.9,1.99,1.8,2.1,1.89,-0.25,1.8,2.05,1.83,2.1,1.85,2.13,1.8,2.04,1.91,2.08
I2,29/09/2024,14:00,Cesena,Mantova,4,2,H,3,0,H,16,16,9,5,10,17,5,8,3,1,0,0,1.75,3.7,4.5,1.8,3.6,4.2,1.75,3.6,4.5,1.75,3.46,5.14,1.75,3.6,4.33,1.78,3.54,4.83,1.83,3.7,5.3,1.77,3.53,4.62,1.8,3.8,4.8,1.85,2,1.85,1.99,1.96,2.02,1.83,1.94,1.9,1.98,-0.75,2,1.85,1.98,1.87,2.08,1.91,1.98,1.83,,,1.65,3.8,5.25,1.66,3.7,5,1.67,3.6,5,1.67,3.79,5.78,1.75,3.6,4.33,1.65,3.8,5.26,1.8,3.85,5.78,1.68,3.67,5.17,1.71,3.9,5.9,1.83,2.03,1.85,2.05,1.93,2.05,1.82,1.96,1.88,2.08,-0.75,1.83,2.03,1.86,2.05,2,2.11,1.87,1.97,1.89,2.08
I2,29/09/2024,14:00,Juve Stabia,Pisa,2,0,H,1,0,H,13,8,6,2,21,14,7,1,4,1,0,1,2.8,3.2,2.6,2.85,3.1,2.45,2.88,3.1,2.55,2.94,2.99,2.67,2.7,3.2,2.5,2.85,3.2,2.55,2.97,3.2,2.7,2.85,3.05,2.57,2.96,3,2.68,2.25,1.62,2.37,1.6,2.4,1.62,2.28,1.6,2.32,1.66,0,2.05,1.8,2.04,1.83,2.11,1.83,2.03,1.81,2.04,1.83,2.9,3.1,2.5,2.95,2.95,2.5,3.1,2.88,2.5,3.2,2.93,2.64,2.7,3.2,2.5,2.9,3.2,2.5,3.2,3.2,2.7,3.01,2.97,2.53,3.25,3.05,2.62,2.35,1.57,2.42,1.61,2.45,1.61,2.34,1.57,2.54,1.63,0,2.1,1.78,2.17,1.78,2.19,1.84,2.1,1.78,2.22,1.78
I2,29/09/2024,14:00,Modena,Sampdoria,1,3,A,0,0,D,8,13,4,6,11,9,6,6,2,4,0,0,2.3,3.1,3.2,2.37,3.1,3,2.38,3,3.2,2.39,3.15,3.19,2.25,3.2,3.1,2.35,3.2,3.19,2.42,3.2,3.25,2.35,3.09,3.14,2.42,3.1,3.25,2.35,1.57,2.43,1.57,2.44,1.6,2.35,1.57,2.34,1.56,-0.25,2.03,1.83,2.04,1.83,2.07,1.91,1.99,1.82,2.1,1.78,2.63,3,2.8,2.55,3,2.85,2.63,2.8,2.8,2.72,3,3.01,2.25,3.2,3.1,2.58,3.03,2.94,2.75,3.03,3.01,2.62,2.96,2.88,2.82,3,3.15,2.5,1.5,2.54,1.56,2.59,1.57,2.46,1.52,2.64,1.6,0,1.85,2,1.85,2.06,1.88,2.08,1.84,2.03,1.88,2.11
I2,29/09/2024,14:00,Salernitana,Catanzaro,0,0,D,0,0,D,9,3,3,0,13,15,5,0,3,2,0,0,2.2,3.5,3.2,2.2,3.4,3,2.15,3.4,3.2,2.19,3.6,3.16,2.15,3.4,3.1,2.22,3.54,3.13,2.35,3.67,3.21,2.19,3.49,3.09,2.2,3.55,3.25,1.83,2.03,1.85,1.98,1.93,2.05,1.83,1.95,1.79,1.93,-0.25,1.93,1.93,1.92,1.93,1.95,2,1.89,1.91,1.89,1.95,1.95,3.4,3.8,2,3.4,3.6,1.95,3.3,3.8,2.01,3.49,4.01,2.15,3.4,3.1,1.97,3.44,3.84,2.1,3.49,4.01,1.98,3.38,3.77,2.06,3.55,4.1,2,1.85,2,1.89,2.02,1.91,1.95,1.83,2.02,1.94,-0.5,1.98,1.88,2.02,1.89,2.02,1.91,1.98,1.85,2.06,1.92
I2,30/09/2024,18:30,Sudtirol,Palermo,1,3,A,0,1,A,16,7,5,3,14,16,3,6,4,2,0,0,2.7,3,2.75,2.6,3.1,2.75,2.7,3,2.7,2.76,3.05,2.79,2.6,3.1,2.7,2.7,3.16,2.71,2.8,3.16,2.85,2.69,3.03,2.75,,,,2.35,1.57,2.4,1.58,2.4,1.62,2.33,1.57,,,0,1.9,1.95,1.92,1.93,1.92,2,1.88,1.94,,,2.55,3,3,2.5,3.1,2.9,2.5,2.8,2.88,2.66,3.01,3.07,2.75,3,2.6,2.63,3.1,2.81,2.66,3.1,3.12,2.56,2.97,2.96,2.72,3.1,3.15,2.3,1.6,2.44,1.6,2.49,1.65,2.34,1.58,2.48,1.66,0,1.78,2.1,1.82,2.11,1.82,2.17,1.8,2.08,1.84,2.15
I2,30/09/2024,19:30,Brescia,Cremonese,3,2,H,3,0,H,14,19,7,7,12,14,9,5,4,3,0,0,2.88,3.2,2.5,2.8,3.2,2.5,2.75,3.1,2.55,2.92,2.95,2.72,2.8,3.1,2.5,2.86,3.1,2.62,2.96,3.2,2.74,2.84,3.08,2.58,,,,2.1,1.7,2.18,1.7,2.2,1.74,2.12,1.69,,,0,2.03,1.83,2,1.85,2.09,1.85,2.02,1.82,,,3.25,3,2.4,3.2,3,2.35,3.1,2.88,2.3,3.29,3.12,2.45,2.9,3.1,2.45,3.37,3,2.34,3.37,3.12,2.47,3.22,3,2.38,3.4,3.2,2.5,2.15,1.67,2.22,1.71,2.31,1.72,2.19,1.66,2.24,1.76,0.25,1.78,2.1,1.84,2.08,1.84,2.14,1.8,2.03,1.88,2.11
I2,04/10/2024,19:30,Sampdoria,Juve Stabia,1,2,A,1,0,H,16,7,4,3,19,20,2,1,3,5,0,0,1.95,3.2,4.33,1.88,3.2,4.33,1.9,3.1,4.5,1.99,3.16,4.61,1.8,3.5,4.2,1.98,3.32,4.06,2,3.32,4.61,1.94,3.17,4.27,2,3.3,4.8,2.35,1.57,2.47,1.59,2.47,1.6,2.37,1.56,2.54,1.63,-0.5,1.95,1.9,2,1.9,2,1.96,1.93,1.88,2,1.98,1.8,3.3,5,1.78,3.25,4.8,1.8,3.1,4.75,1.81,3.35,5.46,1.8,3.5,4.2,1.76,3.32,5.28,1.86,3.37,5.54,1.79,3.27,4.97,1.84,3.45,5.7,2.35,1.57,2.44,1.6,2.46,1.6,2.37,1.56,2.46,1.66,-0.5,1.8,2.05,1.81,2.11,1.83,2.13,1.78,2.05,1.84,2.17
I2,05/10/2024,14:00,Frosinone,Carrarese,0,1,A,0,0,D,15,4,3,3,14,16,6,5,3,3,0,0,1.9,3.5,4,1.88,3.5,3.9,1.85,3.5,4,1.92,3.64,4.08,1.8,3.5,4.2,1.93,3.54,4.01,1.96,3.65,4.25,1.9,3.54,3.92,1.92,3.55,4,1.93,1.93,1.92,1.95,1.98,1.97,1.89,1.89,1.9,1.9,-0.5,1.9,1.95,1.93,1.96,1.96,1.99,1.89,1.93,1.87,1.92,1.91,3.4,4,1.93,3.3,3.9,1.85,3.2,4,1.98,3.35,4.32,1.8,3.5,4.2,1.93,3.43,4.04,2.01,3.6,4.32,1.94,3.35,3.98,2,3.5,4.5,2.08,1.73,2.11,1.79,2.17,1.81,2.05,1.75,2.14,1.84,-0.5,1.93,1.93,1.99,1.92,1.99,1.96,1.92,1.89,2,1.97
I2,05/10/2024,14:00,Pisa,Cesena,3,1,H,2,0,H,14,6,7,2,5,12,5,7,3,1,0,0,2.2,3.2,3.4,2.3,3.2,3.1,2.2,3.1,3.3,2.29,3.16,3.5,2.3,3.2,3,2.24,3.28,3.35,2.35,3.28,3.51,2.25,3.16,3.3,2.28,3.2,3.55,2.08,1.73,2.12,1.75,2.16,1.77,2.08,1.71,2.1,1.8,-0.25,1.93,1.93,1.95,1.93,1.98,1.99,1.91,1.91,1.94,1.97,2.4,3.1,3.1,2.45,3.1,2.95,2.4,2.88,2.88,2.56,3.09,3.14,2.3,3.2,3,2.44,3.09,3.09,2.58,3.1,3.17,2.46,3.04,3.02,2.62,3.15,3.2,2.2,1.65,2.31,1.66,2.35,1.69,2.24,1.63,2.36,1.71,-0.25,2.05,1.8,2.17,1.78,2.17,1.81,2.09,1.76,2.21,1.81
I2,05/10/2024,14:00,Sassuolo,Cittadella,6,1,H,1,1,D,19,11,13,4,11,5,3,3,0,4,0,0,1.67,3.75,5,1.68,3.7,4.8,1.67,3.7,5,1.67,3.82,5.48,1.65,3.7,4.8,1.7,3.78,5,1.72,3.85,5.5,1.68,3.74,4.99,1.71,3.85,5.4,1.98,1.88,1.95,1.92,2,1.92,1.92,1.86,1.97,1.34,-0.75,1.88,1.98,1.88,2.02,1.93,2.02,1.87,1.95,1.89,1.98,1.65,3.8,5,1.65,3.8,4.8,1.6,3.6,5,1.67,3.87,5.54,1.65,3.7,4.8,1.67,3.84,5.05,1.71,3.9,5.54,1.65,3.78,5.06,1.71,3.95,5.8,1.9,1.95,1.93,1.95,2.02,2,1.88,1.9,1.95,2.04,-0.75,1.85,2,1.88,2.03,1.89,2.06,1.85,1.99,1.92,2.05
I2,05/10/2024,14:00,Spezia,Reggiana,1,0,H,1,0,H,12,15,2,3,17,23,1,3,4,2,0,0,1.85,3.5,4.1,1.9,3.3,4.1,1.85,3.3,4.33,1.87,3.44,4.61,1.91,3.25,4,1.9,3.42,4.28,1.94,3.5,4.61,1.89,3.35,4.24,1.88,3.45,4.4,2.15,1.67,2.24,1.68,2.28,1.73,2.18,1.65,2.2,1.71,-0.5,1.88,1.98,1.88,2.01,1.94,2.01,1.87,1.94,1.8,2.01,2.05,3.4,3.5,2,3.25,3.7,1.95,3,3.8,2.1,3.28,3.96,1.91,3.25,4,2.06,3.41,3.6,2.16,3.41,4.2,2.03,3.26,3.78,2.1,3.3,4.2,2.15,1.67,2.25,1.69,2.26,1.71,2.18,1.65,2.3,1.74,-0.5,2.05,1.75,2.11,1.82,2.16,1.86,2.02,1.81,2.12,1.86
I2,06/10/2024,14:00,Catanzaro,Modena,2,2,D,1,1,D,9,7,5,3,21,10,5,8,2,2,0,0,2.7,3,2.8,2.6,3.1,2.7,2.63,3,2.8,2.75,2.93,2.9,2.6,3.1,2.7,2.67,3.1,2.79,2.78,3.1,2.93,2.67,2.99,2.8,2.66,2.98,2.84,2.25,1.62,2.34,1.61,2.34,1.63,2.28,1.6,1.08,1.22,0,1.88,1.98,1.87,1.98,1.91,2,1.87,1.96,1.83,1.95,2.88,2.8,2.8,2.8,2.85,2.75,2.8,2.63,2.7,2.99,2.82,2.91,2.6,3.1,2.7,2.89,2.81,2.81,3.01,2.88,2.91,2.88,2.78,2.79,3.05,2.9,2.98,2.6,1.48,2.75,1.49,2.75,1.5,2.61,1.47,2.84,1.53,0,1.95,1.9,1.98,1.93,2.02,1.93,1.97,1.89,2,1.96
I2,06/10/2024,14:00,Cosenza,Sudtirol,0,2,A,0,1,A,32,10,6,4,12,15,8,0,2,1,0,1,2.55,2.9,3,2.37,2.95,3.2,2.5,2.9,3.1,2.56,2.9,3.19,2.3,3,3.25,2.59,2.89,3.12,2.61,3,3.4,2.49,2.9,3.13,2.52,2.66,3.1,2.6,1.48,2.68,1.48,2.68,1.5,2.59,1.47,2.56,1.47,-0.25,2.15,1.68,2.16,1.74,2.23,1.8,2.11,1.73,2.11,1.66,2.35,3,3.3,2.3,2.85,3.4,2.25,2.7,3.4,2.44,2.84,3.67,2.3,3,3.25,2.36,3.01,3.31,2.44,3.01,3.68,2.36,2.87,3.41,2.46,2.94,3.8,2.7,1.44,2.77,1.49,2.77,1.51,2.62,1.47,2.82,1.53,-0.25,2.03,1.83,2.04,1.88,2.07,1.89,1.99,1.85,2.04,1.92
I2,06/10/2024,14:00,Cremonese,Bari,1,1,D,0,1,A,19,14,6,4,16,18,2,4,3,3,0,0,1.9,3.5,4,1.9,3.5,3.9,1.85,3.4,4.2,1.92,3.43,4.18,1.85,3.5,3.9,1.92,3.5,4.07,1.95,3.51,4.2,1.91,3.45,3.99,1.86,3,3.55,2.05,1.8,2.01,1.83,2.08,1.84,1.99,1.79,1.87,1.81,-0.5,1.93,1.93,1.93,1.93,1.97,1.98,1.9,1.91,1.86,1.9,1.95,3.4,3.75,2,3.3,3.6,1.95,3,3.6,2.06,3.39,3.95,1.85,3.5,3.9,2.01,3.42,3.72,2.14,3.42,3.95,2.05,3.29,3.63,2.16,3.35,4,2.03,1.83,2.06,1.84,2.08,1.86,2.01,1.78,2.1,1.88,-0.5,2,1.85,2.06,1.85,2.14,1.87,2.04,1.78,2.16,1.84
I2,06/10/2024,14:00,Mantova,Brescia,1,1,D,0,0,D,21,10,7,4,24,12,4,3,2,2,0,0,2.35,3.3,3,2.37,3.2,2.95,2.45,3.3,2.88,2.44,3.03,3.23,2.38,3.3,2.8,2.37,3.35,3.02,2.5,3.35,3.28,2.39,3.16,3.04,2.32,2.82,2.9,2.05,1.75,2.07,1.77,2.13,1.81,2.03,1.76,1.06,1.08,-0.25,2.05,1.8,2.07,1.8,2.15,1.84,2.03,1.79,1.99,1.72,2.88,3.1,2.55,2.75,3,2.65,2.8,2.88,2.5,2.97,3.09,2.68,2.38,3.3,2.8,2.89,3.11,2.56,2.98,3.15,2.85,2.83,3.02,2.62,2.92,3.2,2.86,2.05,1.75,2.08,1.81,2.16,1.81,2.04,1.75,2.14,1.85,0,2.05,1.8,2.06,1.85,2.11,1.98,2.02,1.84,2,1.98
I2,06/10/2024,14:00,Palermo,Salernitana,0,1,A,0,1,A,16,9,5,4,16,22,4,2,2,5,0,0,1.9,3.5,4,1.95,3.5,3.7,1.91,3.5,3.9,1.89,3.46,4.25,1.91,3.5,3.7,1.9,3.58,4.07,1.98,3.58,4.3,1.91,3.48,3.98,1.92,3.6,4.1,1.9,1.95,1.88,1.95,1.98,1.99,1.87,1.9,1.74,1.97,-0.5,1.93,1.93,1.9,1.95,1.98,2,1.91,1.9,1.92,1.94,1.95,3.4,3.8,2.05,3.25,3.7,1.91,3.1,3.8,1.99,3.43,4.16,1.91,3.5,3.7,1.97,3.44,3.84,2.1,3.5,4.16,2,3.33,3.76,2.12,3.4,4.1,1.98,1.88,1.98,1.91,2.06,1.93,1.95,1.83,2,1.96,-0.5,1.98,1.88,2,1.91,2.05,1.91,2,1.82,2.12,1.86
I2,18/10/2024,19:30,Bari,Catanzaro,1,1,D,1,0,H,16,18,5,7,16,15,2,5,3,3,0,0,1.85,3.25,4.5,1.93,3.25,4.1,1.9,3.2,4.33,1.92,3.38,4.62,2.1,3.3,3.4,1.9,3.5,4.16,2,3.5,4.62,1.9,3.3,4.26,2,3.35,4.7,2.15,1.67,2.23,1.7,2.28,1.71,2.16,1.67,2.3,1.73,-0.5,1.88,1.98,1.93,1.98,1.95,2,1.88,1.93,1.98,2,1.9,3.3,4.5,1.88,3.3,4.2,1.87,3.1,4.5,1.92,3.28,4.79,2.1,3.3,3.4,1.86,3.28,4.63,1.99,3.4,4.79,1.9,3.26,4.39,1.98,3.35,4.9,2.15,1.67,2.23,1.71,2.28,1.74,2.16,1.67,2.26,1.77,-0.5,1.9,1.95,1.93,1.98,1.97,2,1.89,1.93,1.98,1.99
I2,19/10/2024,14:00,Cittadella,Cosenza,0,0,D,0,0,D,21,10,5,2,19,16,9,5,4,3,0,1,2.4,3.1,3.1,2.4,3.2,2.9,2.4,3.1,3.1,2.47,3.07,3.14,2.38,3.2,2.9,2.46,3.1,3.1,2.51,3.2,3.16,2.43,3.09,3.03,2.5,3.15,3.1,2.15,1.67,2.25,1.66,2.28,1.72,2.19,1.65,2.28,1.67,-0.25,2.1,1.78,2.11,1.78,2.13,1.81,2.06,1.77,2.12,1.78,2.63,3.1,2.8,2.6,3,2.75,2.63,2.9,2.88,2.78,2.99,2.95,2.38,3.2,2.9,2.63,3.11,2.81,2.8,3.11,2.98,2.65,2.99,2.84,2.84,3.05,3,2.25,1.62,2.33,1.65,2.33,1.69,2.22,1.63,2.4,1.69,0,1.85,2,1.89,2.01,1.94,2.06,1.88,1.98,1.93,2.04
I2,19/10/2024,14:00,Modena,Palermo,2,2,D,0,2,A,16,12,4,5,11,10,7,6,3,2,0,0,2.38,3.1,3.1,2.3,3,3.2,2.38,3.1,3.2,2.47,2.88,3.37,2.38,3.1,3,2.4,3.08,3.22,2.5,3.1,3.47,2.39,2.95,3.25,2.46,3.1,3.2,2.3,1.6,2.37,1.61,2.37,1.62,2.29,1.59,2.3,1.62,-0.25,2.05,1.8,2.08,1.81,2.09,1.86,2.01,1.81,2.07,1.84,2.35,3.1,3.2,2.45,2.95,3.1,2.4,2.88,3.2,2.46,3.02,3.39,2.38,3.1,3,2.51,3.09,2.98,2.51,3.1,3.39,2.44,2.97,3.15,2.58,3.05,3.4,2.35,1.57,2.41,1.62,2.41,1.62,2.32,1.58,2.48,1.65,-0.25,2.05,1.8,2.07,1.84,2.15,1.85,2.07,1.78,2.16,1.83
I2,19/10/2024,14:00,Salernitana,Spezia,0,2,A,0,0,D,18,14,5,4,9,15,5,9,4,1,0,0,2.63,3.2,2.63,2.6,3.1,2.7,2.7,3.2,2.63,2.78,3.04,2.78,2.6,3.2,2.6,2.71,3.2,2.68,2.82,3.2,2.82,2.68,3.11,2.69,2.82,3.15,2.76,2.1,1.7,2.14,1.74,2.16,1.77,2.07,1.72,2.08,1.68,0,1.93,1.93,1.93,1.93,1.98,1.97,1.92,1.91,1.97,1.94,2.45,3,3.1,2.5,2.9,3,2.55,2.88,3,2.64,2.93,3.2,2.6,3.2,2.6,2.55,3,3,2.69,3,3.2,2.55,2.91,3.04,2.7,3.05,3.25,2.3,1.6,2.4,1.62,2.44,1.63,2.31,1.59,2.42,1.68,-0.25,2.1,1.78,2.21,1.74,2.22,1.78,2.15,1.72,2.25,1.77
I2,19/10/2024,14:00,Sudtirol,Pisa,1,2,A,1,1,D,7,11,3,2,15,15,3,2,1,3,0,0,3.1,2.63,2.8,2.9,2.8,2.65,2.9,2.8,2.7,3.12,2.71,2.78,2.88,2.88,2.62,2.98,2.92,2.65,3.14,2.92,2.83,3.01,2.74,2.72,3.05,2.82,2.8,2.6,1.48,2.73,1.48,2.73,1.5,2.6,1.47,2.66,1.52,0,1.97,1.77,2.06,1.83,2.06,1.88,2.02,1.81,2,1.85,2.7,2.63,3.25,2.55,2.65,3.25,2.63,2.63,3.2,2.67,2.69,3.49,2.88,2.88,2.62,2.71,2.61,3.26,2.8,2.76,3.6,2.62,2.64,3.31,2.78,2.78,3.5,2.88,1.4,2.99,1.42,2.99,1.43,2.83,1.41,3.05,1.46,-0.25,2.2,1.65,2.2,1.75,2.28,1.83,2.15,1.73,2.27,1.56
I2,19/10/2024,16:15,Brescia,Sassuolo,2,5,A,1,1,D,20,21,8,8,15,4,3,3,2,3,0,0,2.8,3.25,2.5,2.65,3.25,2.55,2.88,3.3,2.45,2.92,3.2,2.53,2.4,3.25,2.8,2.9,3.24,2.51,2.99,3.3,2.55,2.86,3.21,2.48,2.94,3.3,2.52,2.03,1.83,2,1.86,2.06,1.86,1.96,1.82,2.04,1.84,0,2.05,1.8,2.09,1.8,2.11,1.87,2.07,1.79,2.08,1.8,3.4,3.6,2.05,3.6,3.4,2,3.75,3.3,2,3.77,3.49,2.07,2.4,3.25,2.8,3.67,3.48,2.01,3.77,3.6,2.1,3.56,3.43,2.03,3.95,3.55,2.12,1.75,2.05,1.79,2.1,1.83,2.13,1.76,2.03,1.82,2.2,0.5,1.8,2.05,1.84,2.08,1.85,2.09,1.8,2.03,1.88,2.12
I2,20/10/2024,14:00,Carrarese,Mantova,1,1,D,0,0,D,16,9,5,2,17,16,5,3,1,4,0,0,2.2,3.2,3.4,2.15,3.3,3.2,2.15,3.3,3.3,2.23,3.24,3.42,2,3.3,3.6,2.2,3.34,3.35,2.29,3.4,3.45,2.19,3.24,3.3,2.2,3.25,3.35,1.98,1.88,1.98,1.86,2.02,1.91,1.93,1.84,1.89,1.82,-0.25,1.9,1.95,1.91,1.94,1.96,2,1.87,1.94,,,2.5,3.1,2.9,2.4,3.2,2.9,2.38,3,2.88,2.52,3.2,3.09,2,3.3,3.6,2.5,3.1,2.99,2.6,3.25,3.11,2.47,3.14,2.92,2.58,3.25,3.2,2,1.85,2.05,1.85,2.11,1.87,1.99,1.8,2.08,1.88,0,1.7,2.1,1.76,2.17,1.84,2.17,1.77,2.09,1.81,2.23
I2,20/10/2024,14:00,Juve Stabia,Cremonese,1,2,A,1,1,D,15,16,4,6,14,17,6,2,0,3,0,0,3.1,3.25,2.3,3.2,3.25,2.2,3.3,3.2,2.25,3.39,3.06,2.34,3.2,3.2,2.2,3.29,3.25,2.28,3.4,3.25,2.34,3.23,3.13,2.27,3.25,3.2,2.32,2.1,1.7,2.16,1.71,2.21,1.74,2.12,1.69,2.18,1.73,0.25,1.88,1.98,1.87,1.98,1.92,2,1.87,1.94,,,3.2,3.1,2.3,3.1,3.1,2.3,3.1,2.88,2.25,3.36,3.16,2.37,3.2,3.2,2.2,3.24,3.14,2.33,3.45,3.16,2.5,3.21,3.06,2.34,3.45,3.2,2.48,2.05,1.75,2.12,1.72,2.25,1.81,2.09,1.71,2.18,1.81,0.25,1.83,2.03,1.89,2.01,1.89,2.08,1.84,2,1.89,2.11
I2,20/10/2024,14:00,Reggiana,Frosinone,2,0,H,1,0,H,8,13,6,3,19,10,0,8,4,2,0,0,2.55,3.1,2.88,2.5,3.2,2.75,2.45,3.2,2.88,2.54,3.21,2.91,2.45,3.2,2.75,2.56,3.13,2.91,2.57,3.25,2.91,2.5,3.16,2.83,2.54,3.15,2.94,2.08,1.73,2.06,1.69,2.21,1.78,2.08,1.72,1.92,1.77,0,1.8,2.05,1.81,2.07,1.83,2.13,1.8,2.05,,,2.6,3,2.9,2.45,3,2.95,2.4,2.8,3,2.63,3.04,3.09,2.45,3.2,2.75,2.61,3.02,2.91,2.63,3.07,3.25,2.52,2.98,2.99,2.66,3.1,3.25,2.25,1.62,2.38,1.63,2.44,1.65,2.31,1.59,2.4,1.68,0,1.8,2.05,1.81,2.12,1.82,2.16,1.79,2.08,1.81,2.2
I2,20/10/2024,16:15,Cesena,Sampdoria,3,5,A,2,2,D,10,14,5,6,17,11,3,5,3,2,1,0,2.4,3.1,3.1,2.25,3.25,3.1,2.25,3.2,3.3,2.47,3.05,3.16,2.2,3.2,3.2,2.38,3.22,3.12,2.47,3.25,3.3,2.36,3.11,3.09,2.4,3.2,3.1,2.1,1.7,2.18,1.7,2.21,1.74,2.12,1.69,2.16,1.73,-0.25,2.05,1.8,2.1,1.78,2.12,1.85,2.02,1.8,,,2.3,3.2,3.2,2.3,3,3.2,2.3,2.88,3.1,2.39,3.07,3.47,2.2,3.2,3.2,2.3,3.21,3.21,2.4,3.21,3.47,2.33,3.06,3.24,2.5,3.1,3.5,2.2,1.65,2.26,1.69,2.38,1.69,2.21,1.64,2.3,1.73,-0.25,2,1.85,2.02,1.88,2.06,1.9,1.98,1.85,2.1,1.89
I2,25/10/2024,19:30,Spezia,Bari,0,0,D,0,0,D,16,4,5,0,15,9,5,1,2,3,0,0,2,3.2,4,2.05,3.2,3.7,2,3,4,2.06,3.16,4.3,2.1,3.3,3.3,2.04,3.2,4.03,2.08,3.4,4.3,2.04,3.17,3.89,2.12,3.25,4.3,2.2,1.65,2.28,1.68,2.29,1.71,2.2,1.65,2.34,1.73,-0.5,2.03,1.83,2.07,1.85,2.07,1.88,2.02,1.8,2.12,1.86,1.95,3.25,4.2,1.98,3.2,4,1.91,3,4,2.03,3.13,4.48,2.1,3.3,3.3,1.93,3.14,4.53,2.05,3.25,4.53,1.99,3.15,4.12,2.06,3.3,4.5,2.2,1.65,2.29,1.68,2.31,1.71,2.19,1.65,2.32,1.73,-0.5,2,1.85,2.04,1.87,2.06,1.91,1.99,1.83,2.06,1.91
I2,26/10/2024,14:00,Cesena,Brescia,2,0,H,1,0,H,15,17,5,2,13,19,5,7,5,1,0,0,1.95,3.5,3.8,1.93,3.3,3.9,1.91,3.4,3.9,1.99,3.34,4.19,1.91,3.5,3.7,1.97,3.58,3.77,2.02,3.58,4.2,1.96,3.36,3.9,1.99,3.5,4,2,1.85,2,1.87,2.06,1.9,1.96,1.82,1.96,1.81,-0.5,1.98,1.88,2,1.88,2,1.94,1.95,1.86,1.99,1.92,1.75,3.7,4.5,1.8,3.5,4.33,1.73,3.5,4.75,1.79,3.66,4.87,1.91,3.5,3.7,1.76,3.72,4.52,1.85,3.72,4.9,1.77,3.6,4.5,1.82,3.75,5.3,1.83,2.03,1.81,2.07,1.85,2.07,1.79,2,1.89,2.1,-0.75,2.03,1.83,2.04,1.87,2.07,1.9,2,1.84,2.04,1.93
I2,26/10/2024,14:00,Cosenza,Juve Stabia,1,1,D,1,1,D,13,10,5,3,15,13,7,5,4,2,1,0,2.15,3.2,3.5,2.15,3.1,3.5,2.1,3.2,3.5,2.25,2.98,3.69,2.1,3.2,3.4,2.24,3.04,3.61,2.27,3.25,3.76,2.19,3.06,3.55,2.24,3.2,3.55,2.25,1.62,2.33,1.63,2.36,1.65,2.25,1.61,2.32,1.68,-0.25,1.88,1.98,1.91,1.95,1.94,2.02,1.86,1.95,1.92,1.96,2.25,3.2,3.4,2.25,3.1,3.3,2.25,2.88,3.5,2.33,3.05,3.62,2.1,3.2,3.4,2.24,3.18,3.38,2.38,3.2,3.64,2.28,3.04,3.38,2.4,3.1,3.75,2.35,1.57,2.42,1.61,2.48,1.63,2.36,1.57,2.6,1.6,-0.25,1.93,1.93,1.97,1.93,2,1.99,1.93,1.9,2.02,1.96
I2,26/10/2024,14:00,Cremonese,Salernitana,2,1,H,2,0,H,9,6,3,3,11,15,0,3,4,2,0,0,1.85,3.5,4.2,1.85,3.5,4,1.85,3.5,4,1.87,3.62,4.35,1.8,3.7,3.9,1.87,3.72,4.07,1.91,3.72,4.4,1.86,3.55,4.09,1.88,3.6,4.3,1.9,1.95,1.89,1.98,1.94,1.98,1.85,1.92,1.91,1.96,-0.5,1.88,1.98,1.87,2.01,1.9,2.02,1.85,1.96,1.88,1.97,1.7,3.7,4.75,1.73,3.6,4.5,1.75,3.5,4.6,1.75,3.78,4.96,1.8,3.7,3.9,1.72,3.74,4.8,1.85,3.82,5,1.74,3.65,4.6,1.78,3.85,5.4,1.83,2.03,1.87,2.03,1.93,2.09,1.81,1.97,1.9,2.06,-0.75,1.93,1.93,1.98,1.93,2.15,1.96,1.95,1.88,1.99,1.99
I2,26/10/2024,14:00,Palermo,Reggiana,2,0,H,2,0,H,19,6,4,3,14,17,5,4,1,2,0,0,1.75,3.5,4.75,1.75,3.6,4.4,1.75,3.5,4.6,1.77,3.73,4.82,1.73,3.6,4.4,1.78,3.7,4.53,1.82,3.73,4.9,1.76,3.6,4.58,1.8,3.6,5.1,2.05,1.75,2.05,1.82,2.09,1.82,2.02,1.77,2,1.76,-0.75,2.03,1.83,2,1.87,2.08,1.87,1.99,1.82,2.02,1.85,1.8,3.5,4.33,1.87,3.4,4.1,1.8,3.3,4.6,1.87,3.49,4.67,1.73,3.6,4.4,1.86,3.52,4.22,1.95,3.53,4.67,1.86,3.44,4.22,1.95,3.5,4.8,2,1.85,2.04,1.85,2.06,1.92,1.98,1.81,2.04,1.93,-0.5,1.83,2.03,1.88,2.03,1.91,2.06,1.86,1.96,1.95,2.04
I2,26/10/2024,16:15,Carrarese,Cittadella,3,0,H,3,0,H,9,20,4,2,9,12,4,8,0,1,0,0,2.4,3.1,3.1,2.4,3.1,2.95,2.45,3,3,2.52,3.04,3.09,2.38,3.2,2.9,2.46,3.18,3.02,2.55,3.18,3.14,2.46,3.05,3.01,2.52,3,3.15,2.35,1.57,2.41,1.6,2.41,1.6,2.33,1.57,2.28,1.62,-0.25,2.1,1.78,2.15,1.76,2.15,1.83,2.08,1.75,2.12,1.75,2.3,2.9,3.5,2.3,3.1,3.2,2.25,2.9,3.4,2.37,3.08,3.48,2.38,3.2,2.9,2.37,2.92,3.41,2.37,3.2,3.5,2.3,3.04,3.31,2.48,3.1,3.55,2.35,1.57,2.41,1.62,2.46,1.68,2.28,1.61,2.42,1.67,-0.25,2,1.85,2.01,1.89,2.06,1.9,1.97,1.86,2.09,1.89
I2,26/10/2024,16:15,Sassuolo,Modena,2,0,H,1,0,H,12,14,5,5,8,9,5,6,2,0,0,0,1.91,3.5,4,1.93,3.4,3.8,1.95,3.3,4,1.93,3.55,3.97,1.91,3.4,3.8,1.94,3.58,3.88,1.96,3.6,4,1.93,3.46,3.88,1.95,3.6,4.2,2.05,1.75,2.03,1.83,2.1,1.83,2.01,1.77,2.04,1.85,-0.5,1.93,1.93,1.94,1.93,1.97,1.95,1.92,1.89,1.94,2.02,2,3.5,3.6,2,3.4,3.5,1.95,3.3,3.8,2.05,3.46,3.87,1.91,3.4,3.8,2.01,3.52,3.62,2.07,3.6,4.1,1.99,3.43,3.69,2.08,3.55,4.1,1.9,1.95,1.93,1.96,1.93,2.02,1.87,1.9,1.94,2.02,-0.5,2.03,1.83,2.06,1.85,2.08,1.93,1.98,1.84,2.09,1.9
I2,27/10/2024,14:00,Catanzaro,Sudtirol,3,0,H,3,0,H,10,11,6,1,13,9,0,8,1,2,0,0,2.25,2.85,3.6,2.35,2.85,3.4,2.3,2.88,3.4,2.33,2.8,3.81,2.4,2.9,3.1,2.36,2.78,3.72,2.4,2.88,3.81,2.32,2.79,3.57,2.38,2.52,3.5,2.6,1.44,2.62,1.5,2.63,1.52,2.55,1.48,2.38,1.43,-0.25,1.98,1.88,1.94,1.91,2.02,1.95,1.93,1.87,,,2,2.88,4.5,2.05,2.85,4.2,2,2.8,4.1,2.11,2.95,4.52,2.4,2.9,3.1,2.02,2.91,4.55,2.38,2.95,4.55,2.1,2.85,4.19,2.16,3,4.6,2.5,1.5,2.63,1.53,2.68,1.53,2.55,1.49,2.68,1.57,-0.25,1.7,2.1,1.76,2.16,1.95,2.22,1.76,2.09,1.8,2.21
I2,27/10/2024,14:00,Frosinone,Pisa,0,0,D,0,0,D,11,20,3,4,15,11,4,13,3,3,1,0,2.63,3.3,2.63,2.55,3.2,2.7,2.7,3.2,2.7,2.8,3,2.78,2.6,3.25,2.62,2.67,3.3,2.65,2.8,3.3,2.8,2.67,3.11,2.7,2.72,3.15,2.76,2.15,1.63,2.16,1.71,2.21,1.73,2.12,1.69,2.08,1.61,0,1.93,1.93,1.93,1.92,1.94,2,1.91,1.92,,,3,3.1,2.45,3,2.95,2.45,3,2.8,2.4,3.25,3.02,2.54,2.6,3.25,2.62,3.02,3.12,2.46,3.25,3.12,2.56,3.04,2.99,2.48,3.35,3.05,2.6,2.3,1.6,2.35,1.65,2.38,1.65,2.29,1.6,2.44,1.66,0.25,1.75,2.13,1.79,2.15,1.81,2.17,1.76,2.1,1.82,2.19
I2,27/10/2024,14:00,Sampdoria,Mantova,1,0,H,0,0,D,20,11,7,5,12,19,3,5,2,3,0,0,1.75,3.4,5,1.77,3.5,4.5,1.75,3.6,4.5,1.75,3.43,5.2,1.73,3.6,4.4,1.78,3.74,4.49,1.83,3.74,5.2,1.76,3.49,4.73,1.75,1.91,4.4,1.98,1.88,1.94,1.89,2,1.9,1.92,1.85,1.58,1.6,-0.75,2,1.85,1.99,1.87,2.06,1.87,1.98,1.83,,,1.67,3.6,5.5,1.7,3.6,4.8,1.67,3.5,5,1.72,3.62,5.59,1.73,3.6,4.4,1.7,3.59,5.24,1.76,3.8,6,1.68,3.62,5.17,1.74,3.9,5.9,1.88,1.98,1.9,1.99,2.02,2.02,1.84,1.94,1.94,2.04,-0.75,1.88,1.98,1.93,1.97,1.98,2.05,1.88,1.96,1.96,2.03
I2,29/10/2024,19:30,Bari,Carrarese,0,0,D,0,0,D,14,9,6,4,20,11,3,3,3,3,0,0,1.95,3.2,4.2,1.98,3.3,3.7,1.95,3.2,4,2.03,3.31,4.18,1.83,3.4,4.2,2,3.45,3.83,2.06,3.45,4.25,1.99,3.28,3.91,2.06,3.35,4.2,2.1,1.7,2.18,1.74,2.18,1.82,2.1,1.71,2.22,1.78,-0.5,2,1.85,2.04,1.87,2.06,1.89,1.99,1.83,2.06,1.89,1.85,3.25,4.5,1.9,3.25,4.2,1.85,3.2,4.6,1.9,3.39,4.65,1.83,3.4,4.2,1.87,3.29,4.55,1.97,3.4,4.65,1.89,3.31,4.29,1.94,3.4,5,2.15,1.67,2.19,1.74,2.28,1.75,2.14,1.69,2.28,1.76,-0.5,1.88,1.98,1.91,1.98,1.93,2.03,1.88,1.94,1.94,2.04
I2,29/10/2024,19:30,Brescia,Spezia,1,1,D,0,1,A,11,11,3,2,21,22,1,3,5,4,0,1,3.4,3.1,2.2,3.3,3.1,2.25,3.4,2.9,2.2,3.61,3.13,2.29,2.5,3.2,2.7,3.35,3.32,2.21,3.61,3.32,2.32,3.39,3.09,2.25,3.7,3.15,2.36,2.2,1.65,2.28,1.68,2.33,1.7,2.21,1.65,2.36,1.7,0.25,1.93,1.93,1.96,1.94,1.98,1.95,1.92,1.89,1.98,1.99,3.25,3.1,2.3,3.3,2.95,2.3,3.4,2.88,2.3,3.51,2.99,2.42,2.5,3.2,2.7,3.27,3.12,2.32,3.56,3.12,2.47,3.34,2.99,2.32,3.65,3.05,2.46,2.25,1.62,2.36,1.64,2.37,1.67,2.27,1.61,2.4,1.7,0.25,1.83,2.03,1.88,2.04,1.93,2.06,1.87,1.97,1.91,2.07
I2,29/10/2024,19:30,Juve Stabia,Sassuolo,2,2,D,1,1,D,16,12,7,3,15,9,3,3,0,1,0,1,3.3,3,2.3,2.95,3.25,2.3,3,3.25,2.3,3.22,3.31,2.38,3.3,3.4,2.1,3.12,3.4,2.29,3.3,3.4,2.42,3.07,3.24,2.32,3.3,3.4,2.4,2.05,1.8,2.04,1.85,2.12,1.85,2,1.79,2.1,1.87,0.25,1.85,2,1.87,2.04,1.91,2.04,1.85,1.97,1.91,2.04,3.2,3,2.4,3,3.2,2.35,3.1,3,2.3,3.18,3.26,2.43,3.3,3.4,2.1,3.33,3.01,2.35,3.33,3.26,2.44,3.1,3.15,2.35,3.35,3.25,2.52,2.05,1.8,2.08,1.81,2.16,1.84,2.02,1.77,2.14,1.85,0.25,1.8,2.05,1.84,2.08,1.84,2.13,1.81,2.03,1.87,2.13
I2,29/10/2024,19:30,Modena,Cremonese,2,2,D,2,1,H,19,13,8,3,14,9,8,5,2,4,0,0,2.8,2.8,2.8,2.7,3,2.7,2.7,3,2.7,2.83,3.05,2.84,2.6,3.2,2.6,2.73,3.13,2.71,2.83,3.13,2.86,2.73,3,2.74,2.9,3.1,2.88,2.25,1.62,2.33,1.65,2.42,1.66,2.26,1.62,2.4,1.68,0,1.93,1.93,1.95,1.95,1.96,1.97,1.93,1.92,1.98,1.96,2.88,2.8,2.75,2.7,3,2.7,2.75,2.88,2.75,2.92,3,2.8,2.6,3.2,2.6,2.88,2.88,2.75,2.92,3.1,2.8,2.79,2.96,2.72,3,3.05,2.88,2.35,1.57,2.41,1.61,2.42,1.64,2.31,1.59,2.48,1.66,0,1.98,1.88,2,1.91,2.02,1.91,1.97,1.89,2.02,1.95
I2,29/10/2024,19:30,Reggiana,Cosenza,0,1,A,0,1,A,12,7,2,3,17,18,3,1,4,6,0,0,2.3,3,3.5,2.3,2.9,3.4,2.25,2.8,3.6,2.35,2.86,3.85,2.45,3.2,2.8,2.23,3.16,3.49,2.37,3.16,3.85,2.29,2.91,3.54,2.4,3,3.8,2.5,1.5,2.65,1.52,2.65,1.54,2.52,1.5,2.74,1.54,-0.25,1.95,1.9,2,1.91,2.02,1.96,1.92,1.9,2.01,1.94,2.35,3,3.4,2.3,3,3.3,2.38,2.8,3.4,2.4,2.97,3.57,2.45,3.2,2.8,2.34,2.98,3.38,2.4,3.01,3.6,2.33,2.95,3.38,2.5,3,3.65,2.35,1.57,2.46,1.6,2.46,1.64,2.35,1.57,2.46,1.67,-0.25,2,1.85,2.02,1.88,2.04,1.9,1.97,1.86,2.09,1.9
I2,29/10/2024,19:30,Salernitana,Cesena,1,1,D,1,1,D,10,5,3,1,20,9,3,3,3,3,1,0,2.55,3,3,2.37,3.25,2.9,2.45,3,3,2.55,3.1,3.13,2.6,3.4,2.5,2.45,3.38,2.87,2.55,3.38,3.13,2.46,3.13,2.96,2.56,3.2,3.2,2.03,1.83,2.07,1.83,2.08,1.87,2,1.79,2.1,1.87,-0.25,2.1,1.7,2.17,1.78,2.17,1.81,2.09,1.75,2.18,1.8,2.35,3.2,3.1,2.3,3.1,3.1,2.3,3.1,3.1,2.41,3.21,3.26,2.6,3.4,2.5,2.36,3.21,3.11,2.41,3.26,3.3,2.33,3.17,3.11,2.48,3.3,3.35,1.98,1.88,2,1.88,2.06,1.88,1.95,1.83,2.06,1.9,-0.25,2.03,1.83,2.06,1.85,2.09,1.88,2,1.84,2.11,1.89
I2,30/10/2024,18:30,Sudtirol,Frosinone,1,1,D,0,0,D,12,6,5,3,13,16,4,5,2,2,0,0,2.4,3,3.2,2.4,3,3.1,2.4,3,3.2,2.47,2.9,3.34,2.38,3.1,3,2.4,3.13,3.17,2.49,3.13,3.34,2.41,2.98,3.19,2.48,2.88,3.3,2.5,1.5,2.6,1.52,2.6,1.54,2.49,1.51,2.46,1.52,-0.25,2.05,1.8,2.08,1.81,2.14,1.83,2.03,1.79,2.06,1.77,2.5,2.8,3.2,2.5,2.75,3.2,2.55,2.7,3.2,2.65,2.8,3.34,2.38,3.1,3,2.53,2.83,3.24,2.68,2.83,3.34,2.57,2.75,3.2,2.7,2.92,3.4,2.88,1.4,2.9,1.44,2.91,1.47,2.76,1.42,3,1.49,-0.25,2.13,1.75,2.21,1.75,2.25,1.79,2.14,1.73,2.21,1.8
I2,30/10/2024,19:30,Cittadella,Sampdoria,0,0,D,0,0,D,7,6,1,1,11,10,3,5,3,1,0,0,3.4,3,2.25,3.1,3.2,2.25,3.5,3.1,2.2,3.38,3.24,2.24,3.2,3.2,2.2,3.31,3.34,2.22,3.5,3.34,2.28,3.29,3.19,2.22,3.7,3.3,2.28,2.2,1.65,2.22,1.69,2.22,1.73,2.16,1.66,2.24,1.68,0.25,1.93,1.93,1.93,1.93,1.97,1.96,1.9,1.91,2.04,1.94,3.1,3.1,2.45,2.95,3.1,2.4,3,2.88,2.3,3.18,3.18,2.47,3.25,3.25,2.15,3.2,3.09,2.38,3.2,3.23,2.5,3.05,3.1,2.41,3.35,3.2,2.54,2.08,1.73,2.11,1.79,2.26,1.79,2.12,1.7,2.22,1.79,0.25,1.78,2.1,1.81,2.11,1.83,2.16,1.79,2.05,1.86,2.14
I2,30/10/2024,19:30,Mantova,Palermo,0,0,D,0,0,D,6,13,1,4,28,10,4,4,1,3,0,0,2.8,3,2.7,2.6,3.3,2.55,2.7,3.3,2.55,2.75,3.3,2.61,2.7,3.4,2.4,2.72,3.44,2.52,2.8,3.44,2.7,2.71,3.28,2.53,2.78,3.4,2.68,1.93,1.93,1.94,1.91,1.98,1.97,1.89,1.87,1.92,1.94,0,1.98,1.88,1.99,1.88,2.04,1.91,1.99,1.85,1.98,1.92,4.2,3.4,1.9,3.9,3.3,1.93,4,3.3,1.95,4.25,3.45,1.96,2.7,3.4,2.4,4.2,3.4,1.9,4.3,3.5,1.99,3.97,3.38,1.93,4.4,3.6,2,1.9,1.95,1.93,1.96,2.02,2,1.89,1.89,1.95,2.04,0.5,1.9,1.95,1.93,1.97,1.97,1.99,1.89,1.93,1.99,1.99
I2,30/10/2024,19:30,Pisa,Catanzaro,0,0,D,0,0,D,20,7,1,3,11,11,7,3,4,2,0,1,1.85,3.4,4.2,1.88,3.4,4,1.91,3.3,4.2,1.91,3.39,4.27,1.83,3.5,4,1.93,3.5,4.07,2,3.5,4.33,1.9,3.39,4.08,1.91,3.35,4.4,2.1,1.7,2.19,1.7,2.2,1.78,2.12,1.69,2.12,1.69,-0.5,1.93,1.93,1.93,1.94,1.98,1.95,1.9,1.91,1.91,1.94,2.1,3.1,3.7,2.1,3,3.7,2.05,2.88,3.8,2.18,3.12,3.94,1.83,3.5,4,2.12,3.13,3.74,2.2,3.13,3.94,2.13,3.05,3.72,2.2,3.15,4.2,2.4,1.53,2.56,1.58,2.56,1.58,2.39,1.55,2.54,1.63,-0.25,1.83,2.03,1.86,2.05,1.87,2.09,1.82,2.02,1.86,2.12
I2,02/11/2024,14:00,Bari,Reggiana,2,2,D,0,0,D,10,10,5,10,18,18,6,6,2,2,0,0,2.05,3.3,3.7,2.05,3.3,3.6,2,3.3,3.75,2.06,3.24,3.89,2,3.2,3.75,2.06,3.3,3.8,2.11,3.4,3.94,2.05,3.26,3.72,2.1,3.3,3.95,2.15,1.67,2.2,1.7,2.25,1.76,2.14,1.68,2.24,1.72,-0.5,2.05,1.8,2.08,1.81,2.11,1.83,2.03,1.78,2.11,1.83,1.83,3.4,4.5,1.85,3.2,4.5,1.75,3.1,4.75,1.86,3.29,5.13,2,3.2,3.75,1.84,3.41,4.52,2.1,3.41,5.13,1.86,3.28,4.47,1.96,3.3,5.1,2.3,1.6,2.36,1.64,2.37,1.69,2.28,1.6,2.4,1.68,-0.5,1.85,2,1.87,2.04,2.07,2.11,1.86,1.96,1.88,2.1
I2,02/11/2024,14:00,Carrarese,Juve Stabia,0,0,D,0,0,D,5,6,0,4,6,17,4,2,3,1,0,0,2.5,3.1,2.9,2.5,3,2.87,2.5,3.1,2.9,2.61,3,3,2.45,3.1,2.88,2.56,3.1,2.92,2.65,3.1,3.04,2.55,3.02,2.92,2.58,2.98,3,2.3,1.6,2.38,1.6,2.43,1.62,2.3,1.59,2.3,1.6,0,1.8,2.05,1.81,2.08,1.82,2.11,1.79,2.05,1.74,1.99,2.55,2.9,3,2.5,2.9,3,2.5,2.7,3,2.75,2.78,3.24,2.45,3.1,2.88,2.58,2.94,3.03,2.75,3.06,3.24,2.56,2.92,3.02,2.74,2.96,3.3,2.6,1.48,2.71,1.51,2.74,1.62,2.57,1.48,2.82,1.52,0,1.78,2.1,1.8,2.13,1.81,2.14,1.78,2.08,1.81,2.18
I2,02/11/2024,14:00,Spezia,Modena,1,0,H,1,0,H,8,6,3,1,22,19,6,4,4,4,0,0,2.15,3.1,3.7,2.15,3.1,3.4,2.1,3.1,3.6,2.15,3.16,3.73,2.1,3.1,3.5,2.17,3.16,3.64,2.2,3.2,3.78,2.15,3.11,3.58,2.18,3.1,3.8,2.35,1.57,2.42,1.58,2.45,1.59,2.36,1.56,2.36,1.59,-0.25,1.83,2.03,1.84,2.04,1.88,2.06,1.82,1.99,1.84,2.05,2.38,2.88,3.4,2.3,2.95,3.3,2.25,2.75,3.3,2.44,2.98,3.49,2.1,3.1,3.5,2.38,2.89,3.42,2.44,3.27,3.94,2.33,2.96,3.36,2.46,3,3.8,2.6,1.48,2.7,1.51,2.74,1.62,2.56,1.49,2.8,1.54,-0.25,2.03,1.83,2.05,1.86,2.07,2.08,1.96,1.87,2.08,1.89
I2,03/11/2024,14:00,Catanzaro,Frosinone,0,0,D,0,0,D,13,9,3,3,15,16,5,1,2,2,0,0,2.25,3.2,3.2,2.25,3.2,3.1,2.3,3.2,3.2,2.29,3.23,3.3,2.3,3.2,3,2.31,3.24,3.22,2.31,3.25,3.3,2.26,3.19,3.16,2.28,3.2,3.35,2.15,1.67,2.19,1.69,2.21,1.73,2.12,1.68,2.2,1.71,-0.25,1.95,1.9,1.96,1.89,2,1.93,1.94,1.86,,,2.15,3.25,3.5,2.05,3.1,3.7,2.05,3,3.9,2.2,3,4.05,2.3,3.2,3,2.15,3.25,3.5,2.2,3.25,4.05,2.13,3.07,3.71,2.2,3.25,4.1,2.25,1.62,2.3,1.67,2.36,1.67,2.22,1.63,2.36,1.7,-0.25,1.83,2.03,1.85,2.06,1.88,2.09,1.81,2.02,1.86,2.13
I2,03/11/2024,14:00,Cesena,Sudtirol,1,0,H,0,0,D,13,5,4,2,17,12,8,4,1,2,0,0,1.85,3.2,4.75,1.88,3.3,4.2,1.91,3.3,4.4,1.89,3.33,4.47,1.91,3.2,4.2,1.92,3.3,4.41,1.95,3.33,4.75,1.89,3.25,4.29,1.87,3.05,4.4,2.35,1.57,2.36,1.61,2.38,1.62,2.33,1.57,2.4,1.6,-0.5,1.88,1.98,1.9,1.95,1.95,2.02,1.89,1.92,,,2,3.1,4.2,2.05,3.1,3.8,2,3,4.1,2.09,3.17,4.17,1.91,3.2,4.2,2.01,3.11,4.21,2.1,3.2,4.21,2.05,3.08,3.98,2.14,3.2,4.4,2.4,1.53,2.49,1.58,2.5,1.58,2.41,1.54,2.52,1.64,-0.5,2.05,1.8,2.1,1.83,2.11,1.85,2.05,1.78,2.12,1.86
I2,03/11/2024,14:00,Cosenza,Salernitana,1,1,D,1,0,H,14,7,2,2,16,19,3,3,3,3,0,0,2.35,3.2,3,2.35,3.2,3,2.4,3.2,2.9,2.46,3.21,3.02,2.38,3.2,2.9,2.45,3.2,3.02,2.46,3.21,3.04,2.4,3.17,2.95,2.4,3.15,3.05,2.1,1.7,2.16,1.71,2.16,1.74,2.1,1.7,2.12,1.75,-0.25,2.05,1.8,2.11,1.77,2.11,1.8,2.05,1.76,2.06,1.81,2.38,3.25,3,2.35,3,3.2,2.3,2.9,3.3,2.47,2.92,3.5,2.38,3.2,2.9,2.38,3.26,3.01,2.47,3.26,3.5,2.4,3.04,3.16,2.48,3.15,3.5,2.2,1.65,2.29,1.68,2.29,1.7,2.19,1.65,2.34,1.72,-0.25,2.03,1.83,2.07,1.85,2.09,1.88,2.03,1.81,2.1,1.9
I2,03/11/2024,14:00,Cremonese,Pisa,1,3,A,1,2,A,10,11,2,3,15,7,4,1,1,1,0,0,2.1,3.3,3.5,2.15,3.4,3.25,2.15,3.3,3.3,2.18,3.4,3.37,2.1,3.4,3.3,2.2,3.35,3.35,2.2,3.45,3.5,2.14,3.31,3.31,2.18,3.25,3.4,2.05,1.8,2.05,1.8,2.06,1.85,2,1.78,1.96,1.76,-0.25,1.88,1.98,1.88,1.97,1.9,2,1.86,1.95,,,2.1,3.2,3.7,2.1,3.1,3.7,2.05,3,3.9,2.17,3.05,4.06,2.1,3.4,3.3,2.1,3.2,3.7,2.17,3.2,4.1,2.11,3.09,3.77,2.18,3.25,4.1,2.25,1.62,2.3,1.67,2.33,1.67,2.22,1.63,2.36,1.72,-0.25,1.8,2.05,1.84,2.08,1.84,2.11,1.79,2.05,1.84,2.15
I2,03/11/2024,14:00,Palermo,Cittadella,0,1,A,0,0,D,20,10,6,4,11,10,1,2,2,4,0,0,1.8,3.5,4.33,1.8,3.5,4.2,1.75,3.6,4.5,1.76,3.71,4.63,1.75,3.6,4.33,1.78,3.74,4.49,1.85,3.75,4.7,1.76,3.6,4.41,1.8,3.6,3.75,2,1.85,1.98,1.86,2.02,1.87,1.94,1.83,1.83,1.87,-0.75,2.03,1.83,2,1.85,2.12,1.86,2,1.81,,,1.75,3.6,4.75,1.75,3.5,4.6,1.73,3.3,5,1.78,3.52,5.29,1.75,3.6,4.33,1.75,3.6,4.76,1.82,3.6,5.29,1.76,3.52,4.75,1.81,3.55,5.7,1.98,1.88,2,1.88,2.02,1.9,1.96,1.82,2.04,1.92,-0.75,2,1.85,2.02,1.88,2.05,1.92,1.99,1.84,2.06,1.91
I2,03/11/2024,16:15,Sampdoria,Brescia,0,1,A,0,0,D,17,22,6,5,14,11,7,11,3,2,1,0,1.7,3.6,4.5,1.78,3.5,4.33,1.73,3.6,4.75,1.71,3.79,4.81,1.73,3.6,4.4,1.75,3.8,4.63,1.78,3.8,4.81,1.73,3.63,4.54,1.68,3.65,4.2,1.98,1.88,1.94,1.89,2.02,1.89,1.94,1.83,1.98,1.8,-0.75,1.98,1.88,1.94,1.91,2.02,1.91,1.95,1.86,,,1.83,3.6,4.1,1.83,3.5,4.2,1.8,3.3,4.6,1.85,3.47,4.8,1.73,3.6,4.4,1.85,3.63,4.13,1.89,3.63,4.8,1.83,3.48,4.36,1.91,3.5,5,2,1.85,2.03,1.86,2.08,1.88,1.96,1.82,2.08,1.9,-0.5,1.85,2,1.86,2.05,1.9,2.1,1.81,2,1.91,2.07
I2,03/11/2024,16:15,Sassuolo,Mantova,1,0,H,0,0,D,20,12,7,4,12,13,5,4,1,2,0,0,1.53,4,5.75,1.55,4.2,5.25,1.5,4.2,5.5,1.54,4.36,5.66,1.53,4.2,5.5,1.56,4.35,5.55,1.56,4.36,5.75,1.53,4.21,5.47,1.56,3.25,3.85,1.67,2.15,1.67,2.23,1.68,2.25,1.64,2.18,1.68,2.26,-1,1.93,1.93,1.92,1.93,1.97,1.97,1.91,1.91,,,1.5,4.2,6.25,1.52,4.33,5.5,1.47,4,6.5,1.52,4.37,6.72,1.53,4.2,5.5,1.51,4.23,6.29,1.56,4.4,6.72,1.51,4.24,5.94,1.55,4.4,7.2,1.57,2.35,1.63,2.39,1.63,2.4,1.59,2.3,1.66,2.46,-1,1.83,2.03,1.84,2.08,1.95,2.08,1.84,1.99,1.9,2.09
I2,08/11/2024,19:30,Frosinone,Palermo,1,1,D,1,1,D,11,13,1,8,16,18,5,5,3,1,0,0,2.88,3.25,2.45,3,3.2,2.35,3,3.1,2.38,3.14,3.17,2.51,2.88,3.25,2.38,3.03,3.34,2.36,3.14,3.34,2.52,2.98,3.17,2.42,3.2,3.3,2.56,2.05,1.75,2.11,1.79,2.17,1.79,2.05,1.74,2.16,1.83,0.25,1.73,2.08,1.79,2.15,1.81,2.16,1.78,2.04,1.84,2.17,3,3.2,2.4,3,3.1,2.4,3,3,2.45,3.25,3.01,2.54,2.88,3.25,2.38,3.01,3.22,2.41,3.25,3.22,2.58,3.04,3.06,2.45,3.2,3.15,2.62,2.25,1.62,2.24,1.7,2.33,1.72,2.18,1.66,2.3,1.73,0.25,1.78,2.1,1.79,2.14,1.83,2.15,1.78,2.07,1.81,2.21
I2,09/11/2024,14:00,Brescia,Cosenza,2,3,A,0,2,A,19,14,7,5,15,13,6,0,6,3,0,0,2.38,3.2,3.1,2.37,3.2,2.95,2.38,3.3,3,2.48,3.21,3.08,2.3,3.25,3,2.41,3.3,2.99,2.5,3.3,3.1,2.4,3.18,2.98,2.48,3.2,3.15,2.15,1.67,2.18,1.7,2.21,1.73,2.13,1.68,2.22,1.73,-0.25,2.05,1.8,2.12,1.79,2.15,1.83,2.05,1.77,2.1,1.81,2.38,2.9,3.3,2.35,3.1,3.1,2.3,2.88,3.4,2.47,2.85,3.61,2.3,3.25,3,2.4,2.93,3.34,2.47,3.2,3.62,2.37,2.97,3.3,2.46,3.1,3.6,2.15,1.67,2.23,1.7,2.26,1.75,2.14,1.68,2.22,1.8,-0.25,2.03,1.83,2.06,1.85,2.06,1.92,1.99,1.84,2.06,1.91
I2,09/11/2024,14:00,Modena,Carrarese,2,0,H,1,0,H,11,7,4,1,18,13,4,3,2,2,0,0,1.8,3.4,4.75,1.83,3.3,4.4,1.8,3.3,4.6,1.86,3.42,4.72,1.8,3.4,4.4,1.86,3.44,4.49,1.93,3.45,4.75,1.83,3.36,4.51,1.8,3.35,4.8,2.3,1.6,2.4,1.6,2.43,1.6,2.32,1.58,2.36,1.6,-0.5,1.83,2.03,1.87,2.02,1.87,2.08,1.82,1.99,1.83,2.06,1.95,3.2,4.2,1.95,3,4.33,1.91,3,4.6,2.01,3.01,4.9,1.8,3.4,4.4,1.96,3.22,4.22,2.09,3.22,4.9,1.97,3.05,4.38,2.04,3.1,5,2.5,1.5,2.58,1.55,2.58,1.55,2.48,1.51,2.62,1.6,-0.75,2.2,1.65,2.37,1.65,2.4,1.65,2.32,1.62,2.41,1.68
I2,09/11/2024,14:00,Pisa,Sampdoria,3,0,H,1,0,H,11,15,5,3,13,17,2,5,2,2,0,0,2.15,3.3,3.4,2.15,3.2,3.4,2.2,3.2,3.3,2.2,3.2,3.68,2.15,3.25,3.25,2.18,3.3,3.45,2.25,3.3,3.68,2.17,3.19,3.45,2.18,3.05,3.65,2.25,1.62,2.34,1.63,2.35,1.63,2.27,1.61,2.24,1.63,-0.25,1.88,1.98,1.88,2.01,1.93,2.02,1.86,1.95,1.87,1.8,2.1,3,3.8,2.1,3,3.75,2.05,3,3.9,2.19,2.96,4.16,2.15,3.25,3.25,2.09,3.04,3.99,2.19,3.2,4.2,2.1,3.03,3.89,2.22,3.2,4.1,2.2,1.65,2.3,1.67,2.37,1.68,2.21,1.64,2.32,1.73,-0.25,1.8,2.05,1.84,2.08,1.87,2.15,1.78,2.07,1.87,2.11
I2,09/11/2024,14:00,Sudtirol,Sassuolo,0,1,A,0,0,D,9,15,2,6,9,8,1,7,1,1,0,0,3.7,3.2,2.1,3.4,3.2,2.1,3.5,3.3,2.1,3.59,3.38,2.15,3.25,3.25,2.15,3.48,3.38,2.13,3.7,3.38,2.16,3.47,3.28,2.12,3.65,3.2,2.1,2.1,1.7,2.2,1.71,2.2,1.75,2.13,1.69,2.1,1.73,0.25,2.03,1.83,2.04,1.85,2.06,1.9,1.99,1.82,2.08,1.81,3.9,3.1,2.05,3.7,3.1,2.1,4,3,2,4.16,3.1,2.12,3.25,3.25,2.15,4.07,3.13,2.03,4.16,3.2,2.15,3.86,3.08,2.08,4.2,3.25,2.18,2.3,1.6,2.34,1.65,2.35,1.65,2.26,1.62,2.4,1.68,0.25,2.1,1.78,2.12,1.81,2.16,1.85,2.09,1.77,2.16,1.85
I2,09/11/2024,16:15,Mantova,Cremonese,1,0,H,0,0,D,16,18,3,4,25,11,5,5,2,7,0,1,3.8,3.5,1.95,3.6,3.6,1.95,3.8,3.5,1.95,3.81,3.7,1.93,3.6,3.6,1.91,3.67,3.68,1.97,3.9,3.77,2.02,3.71,3.59,1.94,3.75,3.6,1.99,1.83,2.03,1.8,2.03,1.87,2.03,1.8,1.98,1.8,1.98,0.5,1.9,1.95,1.93,1.94,1.94,2.02,1.88,1.92,1.92,1.99,4.1,3.4,1.9,3.8,3.4,1.93,4,3.5,1.87,4.18,3.49,1.97,3.6,3.6,1.91,4.12,3.42,1.91,4.18,3.6,2,3.91,3.43,1.93,4.5,3.55,1.99,2.03,1.83,2.04,1.85,2.11,1.88,1.95,1.83,2.1,1.88,0.5,1.9,1.95,1.93,1.98,1.94,2,1.88,1.93,2,1.99
I2,10/11/2024,14:00,Cittadella,Cesena,0,2,A,0,0,D,8,16,2,10,12,19,2,6,2,1,1,0,2.88,3.2,2.5,2.8,3.2,2.45,2.88,3.2,2.45,2.81,3.3,2.56,2.75,3.3,2.4,2.8,3.34,2.51,2.9,3.34,2.56,2.81,3.23,2.48,2.78,3.1,2.52,2.05,1.75,2.06,1.78,2.08,1.8,2.02,1.76,2,1.74,0,2.05,1.8,2.02,1.84,2.12,1.84,2.03,1.8,1.98,1.75,3,3,2.55,3,2.95,2.45,3.1,2.88,2.4,3.31,2.9,2.59,2.75,3.3,2.4,3,3,2.55,3.31,3.1,2.59,3.08,2.95,2.49,3.35,3.05,2.58,2.25,1.62,2.34,1.65,2.37,1.66,2.26,1.61,2.38,1.7,0.25,1.68,2.15,1.78,2.17,1.81,2.17,1.75,2.1,1.84,2.17
I2,10/11/2024,14:00,Juve Stabia,Spezia,0,3,A,0,1,A,13,16,1,10,23,12,6,8,2,4,0,0,2.88,3.2,2.5,2.9,3,2.5,2.88,3,2.6,3.02,2.98,2.61,2.88,3,2.5,2.95,3.14,2.53,3.02,3.2,2.62,2.93,2.99,2.54,3.05,3.05,2.56,2.4,1.53,2.42,1.58,2.49,1.6,2.4,1.54,2.48,1.58,0,2.05,1.8,2.08,1.79,2.13,1.82,2.06,1.78,2.06,1.8,2.8,2.88,2.8,2.75,2.85,2.8,3,2.7,2.63,2.97,2.79,2.96,2.88,3,2.5,2.81,2.89,2.81,3,2.9,2.96,2.87,2.8,2.79,3,2.88,3.05,2.5,1.5,2.69,1.51,2.74,1.51,2.59,1.47,2.82,1.53,0,1.9,1.95,1.96,1.94,2.02,1.99,1.94,1.9,1.98,2.01
I2,10/11/2024,14:00,Reggiana,Catanzaro,2,2,D,2,1,H,8,16,3,5,10,15,1,4,1,2,0,0,2.45,3.2,2.88,2.4,3.1,2.95,2.45,3.1,3,2.5,3.13,3.04,2.38,3.2,2.9,2.47,3.24,2.96,2.52,3.24,3.1,2.44,3.13,2.95,2.48,3.1,3.05,2.2,1.65,2.25,1.66,2.29,1.67,2.2,1.64,2.26,1.67,-0.25,2.08,1.73,2.13,1.76,2.17,1.79,2.09,1.74,2.1,1.75,2.1,3.1,3.8,2.15,2.95,3.6,2.3,2.88,3.4,2.18,3.03,4.08,2.38,3.2,2.9,2.11,3.11,3.81,2.38,3.11,4.08,2.2,2.98,3.65,2.22,3.1,4.2,2.25,1.62,2.3,1.67,2.4,1.67,2.24,1.62,2.36,1.71,-0.25,1.8,2.05,1.84,2.08,2,2.11,1.86,1.98,1.88,2.12
I2,10/11/2024,16:15,Salernitana,Bari,0,2,A,0,2,A,25,6,5,3,22,12,9,2,2,3,0,0,2.4,3.2,3,2.45,3.1,2.87,2.45,3.2,2.88,2.53,3.04,3.07,2.4,3.2,2.88,2.45,3.34,2.91,2.53,3.35,3.07,2.46,3.14,2.93,2.46,3.1,2.94,2.05,1.75,2.06,1.79,2.1,1.8,2.04,1.74,2.06,1.8,-0.25,2.1,1.78,2.14,1.74,2.17,1.8,2.09,1.74,,,2.5,3.2,2.8,2.6,3,2.8,2.55,2.9,2.9,2.65,3.03,3.08,2.4,3.2,2.88,2.58,3.23,2.78,2.65,3.23,3.08,2.57,3.03,2.9,2.68,3.15,3.15,2.1,1.7,2.17,1.75,2.26,1.78,2.1,1.71,2.24,1.8,0,1.8,2.05,1.81,2.11,1.85,2.11,1.82,2.03,1.83,2.15
I2,22/11/2024,19:30,Cosenza,Modena,1,1,D,0,1,A,26,8,5,3,10,10,10,1,2,2,0,1,2.8,3,2.7,2.8,2.9,2.65,2.8,2.8,2.75,3.01,2.9,2.81,2.5,3,2.88,2.83,3.13,2.62,3.01,3.13,2.81,2.85,2.93,2.69,2.98,3,2.9,2.35,1.57,2.5,1.58,2.5,1.62,2.38,1.56,2.58,1.61,0,1.98,1.88,2.02,1.88,2.02,1.93,1.97,1.86,2.01,1.96,2.7,2.75,3,2.65,2.85,2.9,2.6,2.63,2.9,2.82,2.79,3.13,2.5,3,2.88,2.73,2.78,3.03,2.84,3,3.13,2.71,2.79,2.95,2.86,2.9,3.2,2.5,1.5,2.61,1.53,2.61,1.55,2.46,1.51,2.68,1.58,0,1.8,2.05,1.85,2.06,1.92,2.11,1.84,2.01,1.87,2.11
I2,23/11/2024,14:00,Carrarese,Pisa,1,0,H,0,0,D,14,6,6,0,12,12,6,2,3,0,0,1,3.5,3.1,2.2,3.4,3.1,2.2,3.5,3,2.15,3.67,3.09,2.25,3.3,3.2,2.15,3.48,3.22,2.2,3.69,3.22,2.26,3.48,3.07,2.2,3.7,2.8,2.18,2.4,1.53,2.49,1.55,2.5,1.57,2.4,1.54,2.28,1.47,0.25,1.98,1.88,1.97,1.92,2.02,1.95,1.94,1.87,1.91,1.84,3.3,2.88,2.4,3,3,2.45,3.1,2.88,2.45,3.38,2.94,2.52,3.3,3.2,2.15,3.45,2.9,2.36,3.45,3.1,2.6,3.21,2.92,2.44,3.35,3.05,2.6,2.4,1.53,2.58,1.55,2.59,1.55,2.46,1.52,2.58,1.6,0.25,1.8,2.05,1.81,2.12,1.84,2.15,1.79,2.05,1.84,2.16
I2,23/11/2024,14:00,Catanzaro,Mantova,2,2,D,1,1,D,13,13,2,7,15,21,8,3,4,5,0,1,1.85,3.5,4.1,1.83,3.5,4.2,1.85,3.4,4.1,1.89,3.4,4.59,1.83,3.4,4.2,1.9,3.5,4.16,1.92,3.5,4.6,1.87,3.41,4.22,1.8,3.2,4.1,2,1.85,2.04,1.84,2.04,1.87,1.98,1.8,1.89,1.43,-0.5,1.88,1.98,1.9,1.99,1.91,2.05,1.85,1.95,1.8,1.84,1.91,3.5,3.9,1.9,3.3,4,1.91,3.1,4.4,1.96,3.29,4.51,1.83,3.4,4.2,1.93,3.53,3.93,1.98,3.53,4.51,1.92,3.33,4.11,2.02,3.35,4.6,2.05,1.75,2.1,1.8,2.17,1.81,2.03,1.76,2.16,1.83,-0.5,1.95,1.9,1.97,1.93,1.98,1.97,1.91,1.9,2.01,1.96
I2,23/11/2024,14:00,Juve Stabia,Brescia,0,0,D,0,0,D,16,18,2,4,12,12,8,5,3,2,1,0,2.25,3.2,3.25,2.25,3.1,3.2,2.3,3,3.25,2.3,3.09,3.56,2.2,3.1,3.25,2.27,3.18,3.39,2.31,3.2,3.59,2.26,3.08,3.35,2.28,3.2,3.5,2.25,1.62,2.31,1.64,2.35,1.64,2.26,1.61,2.3,1.63,-0.25,1.93,1.93,1.95,1.93,2,1.98,1.92,1.89,1.9,1.94,2.1,3.2,3.6,2.05,3.25,3.6,2,3.1,4,2.11,3.11,4.17,2.2,3.1,3.25,2.02,3.23,3.94,2.17,3.35,4.17,2.07,3.16,3.79,2.1,3.35,4.3,2,1.85,2.06,1.84,2.33,1.91,2.02,1.77,2.1,1.87,-0.5,2.05,1.8,2.12,1.81,2.12,1.85,2.05,1.78,2.11,1.89
I2,23/11/2024,14:00,Sassuolo,Salernitana,4,0,H,0,0,D,23,9,8,3,21,7,5,3,0,2,0,0,1.67,3.7,5,1.73,3.75,4.33,1.67,3.9,4.75,1.71,3.94,4.9,1.7,3.8,4.4,1.74,3.94,4.47,1.77,3.96,5,1.71,3.81,4.61,1.72,3.95,4.9,1.73,2.08,1.76,2.08,1.81,2.17,1.74,2.04,1.66,1.94,-0.75,1.93,1.93,1.93,1.96,1.95,1.97,1.89,1.91,1.91,1.97,1.65,3.6,5.25,1.66,3.75,5,1.62,3.6,5.5,1.68,3.69,5.8,1.7,3.8,4.4,1.68,3.65,5.33,1.7,4.12,5.8,1.64,3.75,5.34,1.73,3.75,6.2,1.93,1.93,1.93,1.96,2.11,2.2,1.85,1.94,1.94,2.02,-0.75,1.88,1.98,1.89,2.02,1.9,2.15,1.82,2.02,1.9,2.07
I2,23/11/2024,16:15,Cesena,Reggiana,1,1,D,0,0,D,23,7,9,3,14,12,11,2,3,2,0,0,1.85,3.3,4.5,1.88,3.3,4.1,1.91,3.3,4.2,1.9,3.32,4.47,1.85,3.4,4,1.9,3.5,4.16,1.97,3.5,4.6,1.89,3.34,4.21,1.94,3.35,4.7,2.15,1.67,2.2,1.7,2.21,1.74,2.14,1.68,2.2,1.7,-0.5,1.9,1.95,1.92,1.95,1.95,2,1.89,1.92,1.94,1.98,1.73,3.4,5.25,1.71,3.4,5.25,1.67,3.25,5,1.76,3.35,5.88,1.85,3.4,4,1.71,3.42,5.53,1.85,3.5,6.11,1.73,3.36,5.29,1.78,3.5,6,2.05,1.75,2.13,1.78,2.17,1.8,2.08,1.72,2.2,1.82,-0.75,1.98,1.88,2,1.91,2.14,1.99,1.98,1.86,2.01,1.97
I2,24/11/2024,14:00,Bari,Cittadella,3,2,H,3,0,H,15,13,5,3,19,10,7,8,3,4,0,0,1.85,3.4,4.33,1.9,3.4,4,1.91,3.3,4,1.89,3.4,4.35,1.83,3.5,4,1.9,3.5,4.16,1.95,3.5,4.35,1.88,3.38,4.11,1.91,3.35,4.4,2.15,1.67,2.2,1.68,2.22,1.74,2.13,1.68,2.28,1.71,-0.5,1.9,1.95,1.9,1.95,1.95,2.02,1.88,1.93,1.91,1.94,1.8,3.5,4.5,1.8,3.3,4.6,1.73,3.2,4.75,1.84,3.28,5.32,1.83,3.5,4,1.81,3.52,4.52,1.95,3.52,5.32,1.81,3.33,4.68,1.86,3.45,5.4,2.1,1.7,2.18,1.74,2.26,1.76,2.12,1.7,2.22,1.8,-0.5,1.8,2.05,1.85,2.07,1.86,2.16,1.81,2.01,1.85,2.13
I2,24/11/2024,14:00,Cremonese,Frosinone,1,0,H,0,0,D,16,11,6,1,16,17,4,3,2,1,0,0,1.75,3.4,5,1.8,3.6,4.2,1.75,3.5,4.6,1.75,3.67,4.74,1.75,3.6,4.33,1.8,3.65,4.5,1.85,3.69,5,1.76,3.56,4.53,1.69,3.4,4.8,2.05,1.75,2.04,1.81,2.14,1.81,2.02,1.76,2.02,1.78,-0.75,2,1.85,1.99,1.86,2.08,1.9,1.98,1.82,1.81,1.69,1.65,3.5,5.75,1.62,3.6,5.5,1.57,3.4,5.5,1.68,3.7,5.87,1.75,3.6,4.33,1.66,3.52,5.79,1.81,3.75,5.88,1.65,3.57,5.52,1.69,3.75,6.6,2.15,1.67,2.18,1.74,2.26,1.74,2.12,1.7,2.24,1.79,-0.75,1.85,2,1.89,2.02,1.99,2.04,1.86,1.96,1.9,2.06
I2,24/11/2024,14:00,Spezia,Sudtirol,3,0,H,2,0,H,18,7,6,1,19,18,6,0,1,2,0,0,1.73,3.2,5.75,1.77,3.3,4.8,1.75,3.3,5,1.74,3.41,5.42,1.73,3.3,5,1.79,3.34,5.15,1.8,3.41,5.75,1.75,3.31,5.08,1.78,3.25,6.2,2.6,1.48,2.58,1.51,2.63,1.53,2.5,1.49,2.66,1.52,-0.75,2,1.85,2,1.85,2.1,1.86,2.01,1.8,2.04,1.89,1.9,3,5,1.88,3,4.75,1.8,2.8,5,1.95,2.97,5.37,1.73,3.3,5,1.9,3.01,5.01,1.99,3.2,5.65,1.89,2.99,5,1.96,3.15,5.6,2.88,1.4,2.92,1.44,2.92,1.49,2.74,1.43,3,1.49,-0.5,1.93,1.93,1.96,1.94,2,2.06,1.88,1.94,1.94,2.04
I2,24/11/2024,16:15,Palermo,Sampdoria,1,1,D,1,1,D,26,8,8,2,16,13,9,2,0,2,0,0,2.15,3.2,3.5,2.15,3.3,3.2,2.1,3.3,3.5,2.14,3.19,3.7,2.1,3.3,3.3,2.09,3.45,3.55,2.25,3.45,3.7,2.13,3.23,3.48,2.12,3.2,3.5,2.08,1.73,2.1,1.75,2.21,1.77,2.07,1.73,2.12,1.74,-0.25,1.85,2,1.83,2.03,1.91,2.04,1.81,1.99,,,2,3.3,3.7,1.98,3.2,3.8,1.95,3.2,4,2.04,3.26,4.22,2.1,3.3,3.3,2.07,3.35,3.63,2.14,3.35,4.22,2.01,3.24,3.86,2.06,3.45,4.3,1.98,1.88,2.02,1.87,2.1,1.93,1.97,1.81,2.02,1.96,-0.5,2,1.85,2.05,1.87,2.05,1.89,1.99,1.83,2.06,1.91
